[0m14:08:20.742097 [debug] [MainThread]: Sending event: {'category': 'dbt', 'action': 'invocation', 'label': 'start', 'context': [<snowplow_tracker.self_describing_json.SelfDescribingJson object at 0x103cb0980>, <snowplow_tracker.self_describing_json.SelfDescribingJson object at 0x106dcfc50>, <snowplow_tracker.self_describing_json.SelfDescribingJson object at 0x106dcfb10>]}


============================== 14:08:20.745245 | 7ecc1a40-2701-4e96-b5cd-d1b2d5d825ad ==============================
[0m14:08:20.745245 [info ] [MainThread]: Running with dbt=1.11.2
[0m14:08:20.745597 [debug] [MainThread]: running dbt with arguments {'fail_fast': 'False', 'warn_error_options': 'WarnErrorOptionsV2(error=[], warn=[], silence=[])', 'partial_parse': 'True', 'introspect': 'True', 'target_path': 'None', 'no_print': 'None', 'invocation_command': 'dbt debug --profiles-dir .', 'empty': 'None', 'profiles_dir': '.', 'cache_selected_only': 'False', 'write_json': 'True', 'log_cache_events': 'False', 'use_experimental_parser': 'False', 'static_parser': 'True', 'log_path': '/Users/davidlima/wspace/Teachable-Interview/teachable_davifati_dataengineeringprincipal_technicalcase/dbt_project/logs', 'indirect_selection': 'eager', 'warn_error': 'None', 'version_check': 'True', 'printer_width': '80', 'use_colors': 'True', 'log_format': 'default', 'quiet': 'False', 'debug': 'False', 'send_anonymous_usage_stats': 'True'}
[0m14:08:20.754861 [info ] [MainThread]: dbt version: 1.11.2
[0m14:08:20.755140 [info ] [MainThread]: python version: 3.13.5
[0m14:08:20.755293 [info ] [MainThread]: python path: /Users/davidlima/wspace/Teachable-Interview/teachable_davifati_dataengineeringprincipal_technicalcase/.venv/bin/python3.13
[0m14:08:20.755434 [info ] [MainThread]: os info: macOS-15.3-arm64-arm-64bit-Mach-O
[0m14:08:20.811065 [info ] [MainThread]: Using profiles dir at .
[0m14:08:20.811342 [info ] [MainThread]: Using profiles.yml file at ./profiles.yml
[0m14:08:20.811498 [info ] [MainThread]: Using dbt_project.yml file at /Users/davidlima/wspace/Teachable-Interview/teachable_davifati_dataengineeringprincipal_technicalcase/dbt_project/dbt_project.yml
[0m14:08:20.812696 [info ] [MainThread]: adapter type: duckdb
[0m14:08:20.812847 [info ] [MainThread]: adapter version: 1.10.0
[0m14:08:20.865640 [info ] [MainThread]: Configuration:
[0m14:08:20.865912 [info ] [MainThread]:   profiles.yml file [[32mOK found and valid[0m]
[0m14:08:20.866058 [info ] [MainThread]:   dbt_project.yml file [[32mOK found and valid[0m]
[0m14:08:20.866189 [info ] [MainThread]: Required dependencies:
[0m14:08:20.866390 [debug] [MainThread]: Executing "git --help"
[0m14:08:20.875223 [debug] [MainThread]: STDOUT: "b"usage: git [-v | --version] [-h | --help] [-C <path>] [-c <name>=<value>]\n           [--exec-path[=<path>]] [--html-path] [--man-path] [--info-path]\n           [-p | --paginate | -P | --no-pager] [--no-replace-objects] [--bare]\n           [--git-dir=<path>] [--work-tree=<path>] [--namespace=<name>]\n           [--config-env=<name>=<envvar>] <command> [<args>]\n\nThese are common Git commands used in various situations:\n\nstart a working area (see also: git help tutorial)\n   clone     Clone a repository into a new directory\n   init      Create an empty Git repository or reinitialize an existing one\n\nwork on the current change (see also: git help everyday)\n   add       Add file contents to the index\n   mv        Move or rename a file, a directory, or a symlink\n   restore   Restore working tree files\n   rm        Remove files from the working tree and from the index\n\nexamine the history and state (see also: git help revisions)\n   bisect    Use binary search to find the commit that introduced a bug\n   diff      Show changes between commits, commit and working tree, etc\n   grep      Print lines matching a pattern\n   log       Show commit logs\n   show      Show various types of objects\n   status    Show the working tree status\n\ngrow, mark and tweak your common history\n   branch    List, create, or delete branches\n   commit    Record changes to the repository\n   merge     Join two or more development histories together\n   rebase    Reapply commits on top of another base tip\n   reset     Reset current HEAD to the specified state\n   switch    Switch branches\n   tag       Create, list, delete or verify a tag object signed with GPG\n\ncollaborate (see also: git help workflows)\n   fetch     Download objects and refs from another repository\n   pull      Fetch from and integrate with another repository or a local branch\n   push      Update remote refs along with associated objects\n\n'git help -a' and 'git help -g' list available subcommands and some\nconcept guides. See 'git help <command>' or 'git help <concept>'\nto read about a specific subcommand or concept.\nSee 'git help git' for an overview of the system.\n""
[0m14:08:20.875967 [debug] [MainThread]: STDERR: "b''"
[0m14:08:20.876153 [info ] [MainThread]:  - git [[32mOK found[0m]

[0m14:08:20.876316 [info ] [MainThread]: Connection:
[0m14:08:20.876478 [info ] [MainThread]:   database: teachable
[0m14:08:20.876604 [info ] [MainThread]:   schema: main
[0m14:08:20.876723 [info ] [MainThread]:   path: ../warehouse/teachable.duckdb
[0m14:08:20.876847 [info ] [MainThread]:   config_options: None
[0m14:08:20.876963 [info ] [MainThread]:   extensions: None
[0m14:08:20.877081 [info ] [MainThread]:   settings: {}
[0m14:08:20.877200 [info ] [MainThread]:   external_root: .
[0m14:08:20.877319 [info ] [MainThread]:   use_credential_provider: None
[0m14:08:20.877437 [info ] [MainThread]:   attach: None
[0m14:08:20.877556 [info ] [MainThread]:   filesystems: None
[0m14:08:20.877669 [info ] [MainThread]:   remote: None
[0m14:08:20.877785 [info ] [MainThread]:   plugins: None
[0m14:08:20.877898 [info ] [MainThread]:   disable_transactions: False
[0m14:08:20.878233 [info ] [MainThread]: Registered adapter: duckdb=1.10.0
[0m14:08:20.933215 [debug] [MainThread]: Acquiring new duckdb connection 'debug'
[0m14:08:20.959906 [debug] [MainThread]: Using duckdb connection "debug"
[0m14:08:20.960156 [debug] [MainThread]: On debug: select 1 as id
[0m14:08:20.960301 [debug] [MainThread]: Opening a new connection, currently in state init
[0m14:08:20.968896 [debug] [MainThread]: SQL status: OK in 0.009 seconds
[0m14:08:20.969500 [debug] [MainThread]: On debug: Close
[0m14:08:20.969698 [info ] [MainThread]:   Connection test: [[32mOK connection ok[0m]

[0m14:08:20.969884 [info ] [MainThread]: [32mAll checks passed![0m
[0m14:08:20.985995 [debug] [MainThread]: Resource report: {"command_name": "debug", "command_success": true, "command_wall_clock_time": 0.29033992, "process_in_blocks": "0", "process_kernel_time": 0.17517, "process_mem_max_rss": "131448832", "process_out_blocks": "0", "process_user_time": 0.954737}
[0m14:08:20.986362 [debug] [MainThread]: Command `dbt debug` succeeded at 14:08:20.986300 after 0.29 seconds
[0m14:08:20.986541 [debug] [MainThread]: Connection 'debug' was properly closed.
[0m14:08:20.986732 [debug] [MainThread]: Sending event: {'category': 'dbt', 'action': 'invocation', 'label': 'end', 'context': [<snowplow_tracker.self_describing_json.SelfDescribingJson object at 0x1076955b0>, <snowplow_tracker.self_describing_json.SelfDescribingJson object at 0x1073d3890>, <snowplow_tracker.self_describing_json.SelfDescribingJson object at 0x106ea3680>]}
[0m14:08:20.986946 [debug] [MainThread]: Flushing usage events
[0m14:08:21.797091 [debug] [MainThread]: An error was encountered while trying to flush usage events
[0m14:56:56.787400 [debug] [MainThread]: Sending event: {'category': 'dbt', 'action': 'invocation', 'label': 'start', 'context': [<snowplow_tracker.self_describing_json.SelfDescribingJson object at 0x1042081a0>, <snowplow_tracker.self_describing_json.SelfDescribingJson object at 0x105053b10>, <snowplow_tracker.self_describing_json.SelfDescribingJson object at 0x105053c50>]}


============================== 14:56:56.792283 | cc1d932c-d566-4459-a2f0-a42ce6c28259 ==============================
[0m14:56:56.792283 [info ] [MainThread]: Running with dbt=1.10.19
[0m14:56:56.792716 [debug] [MainThread]: running dbt with arguments {'no_print': 'None', 'quiet': 'False', 'warn_error_options': 'WarnErrorOptionsV2(error=[], warn=[], silence=[])', 'write_json': 'True', 'fail_fast': 'False', 'log_cache_events': 'False', 'target_path': 'None', 'log_path': '/Users/davidlima/wspace/Teachable-Interview/teachable_davifati_dataengineeringprincipal_technicalcase/dbt_project/logs', 'static_parser': 'True', 'debug': 'False', 'use_colors': 'True', 'indirect_selection': 'eager', 'send_anonymous_usage_stats': 'True', 'log_format': 'default', 'partial_parse': 'True', 'version_check': 'True', 'cache_selected_only': 'False', 'use_experimental_parser': 'False', 'introspect': 'True', 'printer_width': '80', 'empty': 'False', 'profiles_dir': '.', 'invocation_command': 'dbt run --profiles-dir .', 'warn_error': 'None'}
[0m14:56:56.992895 [debug] [MainThread]: Sending event: {'category': 'dbt', 'action': 'project_id', 'label': 'cc1d932c-d566-4459-a2f0-a42ce6c28259', 'context': [<snowplow_tracker.self_describing_json.SelfDescribingJson object at 0x1043c4050>]}
[0m14:56:57.023783 [debug] [MainThread]: Sending event: {'category': 'dbt', 'action': 'adapter_info', 'label': 'cc1d932c-d566-4459-a2f0-a42ce6c28259', 'context': [<snowplow_tracker.self_describing_json.SelfDescribingJson object at 0x104f1bdf0>]}
[0m14:56:57.025469 [info ] [MainThread]: Registered adapter: duckdb=1.10.0
[0m14:56:57.100236 [debug] [MainThread]: checksum: c35ba6d374a0901ceb00688d5179d5550885e1756283b03e5e81c28e0d8d2248, vars: {}, profile: , target: , version: 1.10.19
[0m14:56:57.100932 [info ] [MainThread]: Unable to do partial parsing because saved manifest not found. Starting full parse.
[0m14:56:57.101192 [debug] [MainThread]: Sending event: {'category': 'dbt', 'action': 'partial_parser', 'label': 'cc1d932c-d566-4459-a2f0-a42ce6c28259', 'context': [<snowplow_tracker.self_describing_json.SelfDescribingJson object at 0x105145a50>]}
[0m14:56:57.762558 [warn ] [MainThread]: [[33mWARNING[0m]: Configuration paths exist in your dbt_project.yml file which do not apply to any resources.
There are 1 unused configuration paths:
- models.teachable_gmv.gold
[0m14:56:57.768151 [debug] [MainThread]: Sending event: {'category': 'dbt', 'action': 'load_project', 'label': 'cc1d932c-d566-4459-a2f0-a42ce6c28259', 'context': [<snowplow_tracker.self_describing_json.SelfDescribingJson object at 0x10499c8c0>]}
[0m14:56:57.854086 [debug] [MainThread]: Wrote artifact WritableManifest to /Users/davidlima/wspace/Teachable-Interview/teachable_davifati_dataengineeringprincipal_technicalcase/dbt_project/target/manifest.json
[0m14:56:57.893344 [debug] [MainThread]: Wrote artifact SemanticManifest to /Users/davidlima/wspace/Teachable-Interview/teachable_davifati_dataengineeringprincipal_technicalcase/dbt_project/target/semantic_manifest.json
[0m14:56:57.924418 [debug] [MainThread]: Sending event: {'category': 'dbt', 'action': 'resource_counts', 'label': 'cc1d932c-d566-4459-a2f0-a42ce6c28259', 'context': [<snowplow_tracker.self_describing_json.SelfDescribingJson object at 0x105877d90>]}
[0m14:56:57.924720 [info ] [MainThread]: Found 5 models, 4 sources, 472 macros
[0m14:56:57.924986 [debug] [MainThread]: Sending event: {'category': 'dbt', 'action': 'runnable_timing', 'label': 'cc1d932c-d566-4459-a2f0-a42ce6c28259', 'context': [<snowplow_tracker.self_describing_json.SelfDescribingJson object at 0x10587c940>]}
[0m14:56:57.926429 [info ] [MainThread]: 
[0m14:56:57.926713 [info ] [MainThread]: Concurrency: 4 threads (target='dev')
[0m14:56:57.926864 [info ] [MainThread]: 
[0m14:56:57.927114 [debug] [MainThread]: Acquiring new duckdb connection 'master'
[0m14:56:57.929717 [debug] [ThreadPool]: Acquiring new duckdb connection 'list_teachable'
[0m14:56:57.968833 [debug] [ThreadPool]: Using duckdb connection "list_teachable"
[0m14:56:57.969115 [debug] [ThreadPool]: On list_teachable: /* {"app": "dbt", "dbt_version": "1.10.19", "profile_name": "teachable_gmv", "target_name": "dev", "connection_name": "list_teachable"} */

    
    select schema_name
    from system.information_schema.schemata
    
    where lower(catalog_name) = '"teachable"'
    
  
  
[0m14:56:57.969309 [debug] [ThreadPool]: Opening a new connection, currently in state init
[0m14:56:57.985681 [debug] [ThreadPool]: SQL status: OK in 0.016 seconds
[0m14:56:57.986608 [debug] [ThreadPool]: On list_teachable: Close
[0m14:56:57.987020 [debug] [ThreadPool]: Re-using an available connection from the pool (formerly list_teachable, now create_teachable_main_silver)
[0m14:56:57.987284 [debug] [ThreadPool]: Creating schema "database: "teachable"
schema: "main_silver"
"
[0m14:56:57.990693 [debug] [ThreadPool]: Using duckdb connection "create_teachable_main_silver"
[0m14:56:57.990871 [debug] [ThreadPool]: On create_teachable_main_silver: /* {"app": "dbt", "dbt_version": "1.10.19", "profile_name": "teachable_gmv", "target_name": "dev", "connection_name": "create_teachable_main_silver"} */

    
        select type from duckdb_databases()
        where lower(database_name)='teachable'
        and type='sqlite'
    
  
[0m14:56:57.991017 [debug] [ThreadPool]: Opening a new connection, currently in state closed
[0m14:56:57.991757 [debug] [ThreadPool]: SQL status: OK in 0.001 seconds
[0m14:56:57.992491 [debug] [ThreadPool]: Using duckdb connection "create_teachable_main_silver"
[0m14:56:57.992659 [debug] [ThreadPool]: On create_teachable_main_silver: BEGIN
[0m14:56:57.992916 [debug] [ThreadPool]: SQL status: OK in 0.000 seconds
[0m14:56:57.993054 [debug] [ThreadPool]: Using duckdb connection "create_teachable_main_silver"
[0m14:56:57.993190 [debug] [ThreadPool]: On create_teachable_main_silver: /* {"app": "dbt", "dbt_version": "1.10.19", "profile_name": "teachable_gmv", "target_name": "dev", "connection_name": "create_teachable_main_silver"} */

    
    
        create schema if not exists "teachable"."main_silver"
    
[0m14:56:57.993471 [debug] [ThreadPool]: SQL status: OK in 0.000 seconds
[0m14:56:57.993941 [debug] [ThreadPool]: On create_teachable_main_silver: COMMIT
[0m14:56:57.994102 [debug] [ThreadPool]: Using duckdb connection "create_teachable_main_silver"
[0m14:56:57.994245 [debug] [ThreadPool]: On create_teachable_main_silver: COMMIT
[0m14:56:57.994710 [debug] [ThreadPool]: SQL status: OK in 0.000 seconds
[0m14:56:57.994856 [debug] [ThreadPool]: On create_teachable_main_silver: Close
[0m14:56:57.995501 [debug] [ThreadPool]: Re-using an available connection from the pool (formerly create_teachable_main_silver, now list_teachable_main_silver)
[0m14:56:57.998319 [debug] [ThreadPool]: Using duckdb connection "list_teachable_main_silver"
[0m14:56:57.998487 [debug] [ThreadPool]: On list_teachable_main_silver: BEGIN
[0m14:56:57.998627 [debug] [ThreadPool]: Opening a new connection, currently in state closed
[0m14:56:57.999259 [debug] [ThreadPool]: SQL status: OK in 0.001 seconds
[0m14:56:57.999409 [debug] [ThreadPool]: Using duckdb connection "list_teachable_main_silver"
[0m14:56:57.999560 [debug] [ThreadPool]: On list_teachable_main_silver: /* {"app": "dbt", "dbt_version": "1.10.19", "profile_name": "teachable_gmv", "target_name": "dev", "connection_name": "list_teachable_main_silver"} */
select
      'teachable' as database,
      table_name as name,
      table_schema as schema,
      CASE table_type
        WHEN 'BASE TABLE' THEN 'table'
        WHEN 'VIEW' THEN 'view'
        WHEN 'LOCAL TEMPORARY' THEN 'table'
        END as type
    from system.information_schema.tables
    where lower(table_schema) = 'main_silver'
    and lower(table_catalog) = 'teachable'
  
[0m14:56:58.008432 [debug] [ThreadPool]: SQL status: OK in 0.009 seconds
[0m14:56:58.009386 [debug] [ThreadPool]: On list_teachable_main_silver: ROLLBACK
[0m14:56:58.010283 [debug] [ThreadPool]: Failed to rollback 'list_teachable_main_silver'
[0m14:56:58.010437 [debug] [ThreadPool]: On list_teachable_main_silver: Close
[0m14:56:58.010739 [debug] [MainThread]: Sending event: {'category': 'dbt', 'action': 'runnable_timing', 'label': 'cc1d932c-d566-4459-a2f0-a42ce6c28259', 'context': [<snowplow_tracker.self_describing_json.SelfDescribingJson object at 0x1057371d0>]}
[0m14:56:58.011006 [debug] [MainThread]: Using duckdb connection "master"
[0m14:56:58.011148 [debug] [MainThread]: On master: BEGIN
[0m14:56:58.011278 [debug] [MainThread]: Opening a new connection, currently in state init
[0m14:56:58.011589 [debug] [MainThread]: SQL status: OK in 0.000 seconds
[0m14:56:58.011727 [debug] [MainThread]: On master: COMMIT
[0m14:56:58.011854 [debug] [MainThread]: Using duckdb connection "master"
[0m14:56:58.011978 [debug] [MainThread]: On master: COMMIT
[0m14:56:58.012192 [debug] [MainThread]: SQL status: OK in 0.000 seconds
[0m14:56:58.012320 [debug] [MainThread]: On master: Close
[0m14:56:58.013918 [debug] [Thread-3 (]: Began running node model.teachable_gmv.stg_purchase
[0m14:56:58.014130 [debug] [Thread-4 (]: Began running node model.teachable_gmv.stg_purchase_extra_info
[0m14:56:58.014328 [debug] [Thread-1 (]: Began running node model.teachable_gmv.stg_order_transaction_cost_hist
[0m14:56:58.014495 [debug] [Thread-2 (]: Began running node model.teachable_gmv.stg_product_item
[0m14:56:58.014748 [info ] [Thread-3 (]: 3 of 5 START sql view model main_silver.stg_purchase ........................... [RUN]
[0m14:56:58.014976 [info ] [Thread-4 (]: 4 of 5 START sql view model main_silver.stg_purchase_extra_info ................ [RUN]
[0m14:56:58.015269 [info ] [Thread-1 (]: 1 of 5 START sql view model main_silver.stg_order_transaction_cost_hist ........ [RUN]
[0m14:56:58.015497 [info ] [Thread-2 (]: 2 of 5 START sql view model main_silver.stg_product_item ....................... [RUN]
[0m14:56:58.015908 [debug] [Thread-3 (]: Acquiring new duckdb connection 'model.teachable_gmv.stg_purchase'
[0m14:56:58.016308 [debug] [Thread-4 (]: Acquiring new duckdb connection 'model.teachable_gmv.stg_purchase_extra_info'
[0m14:56:58.016535 [debug] [Thread-1 (]: Re-using an available connection from the pool (formerly list_teachable_main_silver, now model.teachable_gmv.stg_order_transaction_cost_hist)
[0m14:56:58.016783 [debug] [Thread-2 (]: Acquiring new duckdb connection 'model.teachable_gmv.stg_product_item'
[0m14:56:58.016985 [debug] [Thread-3 (]: Began compiling node model.teachable_gmv.stg_purchase
[0m14:56:58.017179 [debug] [Thread-4 (]: Began compiling node model.teachable_gmv.stg_purchase_extra_info
[0m14:56:58.017352 [debug] [Thread-1 (]: Began compiling node model.teachable_gmv.stg_order_transaction_cost_hist
[0m14:56:58.017516 [debug] [Thread-2 (]: Began compiling node model.teachable_gmv.stg_product_item
[0m14:56:58.021799 [debug] [Thread-3 (]: Writing injected SQL for node "model.teachable_gmv.stg_purchase"
[0m14:56:58.023589 [debug] [Thread-4 (]: Writing injected SQL for node "model.teachable_gmv.stg_purchase_extra_info"
[0m14:56:58.024973 [debug] [Thread-1 (]: Writing injected SQL for node "model.teachable_gmv.stg_order_transaction_cost_hist"
[0m14:56:58.026352 [debug] [Thread-2 (]: Writing injected SQL for node "model.teachable_gmv.stg_product_item"
[0m14:56:58.027153 [debug] [Thread-3 (]: Began executing node model.teachable_gmv.stg_purchase
[0m14:56:58.027372 [debug] [Thread-2 (]: Began executing node model.teachable_gmv.stg_product_item
[0m14:56:58.033652 [debug] [Thread-1 (]: Began executing node model.teachable_gmv.stg_order_transaction_cost_hist
[0m14:56:58.033863 [debug] [Thread-4 (]: Began executing node model.teachable_gmv.stg_purchase_extra_info
[0m14:56:58.044351 [debug] [Thread-3 (]: Writing runtime sql for node "model.teachable_gmv.stg_purchase"
[0m14:56:58.046299 [debug] [Thread-2 (]: Writing runtime sql for node "model.teachable_gmv.stg_product_item"
[0m14:56:58.047748 [debug] [Thread-1 (]: Writing runtime sql for node "model.teachable_gmv.stg_order_transaction_cost_hist"
[0m14:56:58.051011 [debug] [Thread-4 (]: Writing runtime sql for node "model.teachable_gmv.stg_purchase_extra_info"
[0m14:56:58.051932 [debug] [Thread-4 (]: Using duckdb connection "model.teachable_gmv.stg_purchase_extra_info"
[0m14:56:58.052127 [debug] [Thread-4 (]: On model.teachable_gmv.stg_purchase_extra_info: BEGIN
[0m14:56:58.052297 [debug] [Thread-4 (]: Opening a new connection, currently in state init
[0m14:56:58.052511 [debug] [Thread-1 (]: Using duckdb connection "model.teachable_gmv.stg_order_transaction_cost_hist"
[0m14:56:58.052694 [debug] [Thread-3 (]: Using duckdb connection "model.teachable_gmv.stg_purchase"
[0m14:56:58.053003 [debug] [Thread-2 (]: Using duckdb connection "model.teachable_gmv.stg_product_item"
[0m14:56:58.053211 [debug] [Thread-1 (]: On model.teachable_gmv.stg_order_transaction_cost_hist: BEGIN
[0m14:56:58.053389 [debug] [Thread-3 (]: On model.teachable_gmv.stg_purchase: BEGIN
[0m14:56:58.053552 [debug] [Thread-4 (]: SQL status: OK in 0.001 seconds
[0m14:56:58.053716 [debug] [Thread-2 (]: On model.teachable_gmv.stg_product_item: BEGIN
[0m14:56:58.053885 [debug] [Thread-1 (]: Opening a new connection, currently in state closed
[0m14:56:58.054059 [debug] [Thread-3 (]: Opening a new connection, currently in state init
[0m14:56:58.054227 [debug] [Thread-4 (]: Using duckdb connection "model.teachable_gmv.stg_purchase_extra_info"
[0m14:56:58.054401 [debug] [Thread-2 (]: Opening a new connection, currently in state init
[0m14:56:58.054778 [debug] [Thread-1 (]: SQL status: OK in 0.001 seconds
[0m14:56:58.054962 [debug] [Thread-4 (]: On model.teachable_gmv.stg_purchase_extra_info: /* {"app": "dbt", "dbt_version": "1.10.19", "profile_name": "teachable_gmv", "target_name": "dev", "node_id": "model.teachable_gmv.stg_purchase_extra_info"} */

  
  create view "teachable"."main_silver"."stg_purchase_extra_info__dbt_tmp" as (
    

/*
    Staging: Purchase Extra Info

    Deduplicação CDC: mantém apenas a última versão de cada purchase_id
    baseado em transaction_datetime.

    Fonte: raw.purchase_extra_info (eventos CDC)
    Grain: 1 row per purchase_id

    Nota: subsidiary é a dimensão chave para agrupamento de GMV
*/

with source as (
    select * from "teachable"."raw"."purchase_extra_info"
),

deduplicated as (
    select
        purchase_id,
        purchase_partition,
        subsidiary,
        transaction_datetime,
        transaction_date
    from source
    qualify row_number() over (
        partition by purchase_id
        order by transaction_datetime desc
    ) = 1
)

select * from deduplicated
  );

[0m14:56:58.055223 [debug] [Thread-3 (]: SQL status: OK in 0.001 seconds
[0m14:56:58.055400 [debug] [Thread-1 (]: Using duckdb connection "model.teachable_gmv.stg_order_transaction_cost_hist"
[0m14:56:58.055571 [debug] [Thread-2 (]: SQL status: OK in 0.001 seconds
[0m14:56:58.055825 [debug] [Thread-3 (]: Using duckdb connection "model.teachable_gmv.stg_purchase"
[0m14:56:58.056035 [debug] [Thread-1 (]: On model.teachable_gmv.stg_order_transaction_cost_hist: /* {"app": "dbt", "dbt_version": "1.10.19", "profile_name": "teachable_gmv", "target_name": "dev", "node_id": "model.teachable_gmv.stg_order_transaction_cost_hist"} */

  
  create view "teachable"."main_silver"."stg_order_transaction_cost_hist__dbt_tmp" as (
    

/*
    Staging: Order Transaction Cost History

    Deduplicação CDC: mantém apenas a última versão de cada purchase_id
    baseado em transaction_datetime.

    Fonte: raw.order_transaction_cost_hist (eventos CDC)
    Grain: 1 row per purchase_id

    Nota: Esta tabela contém custos (VAT, installment) que não são usados
    no cálculo de GMV, mas estão disponíveis para evolução futura
    (ex: reconciliação com Finance).
*/

with source as (
    select * from "teachable"."raw"."order_transaction_cost_hist"
),

deduplicated as (
    select
        purchase_id,
        purchase_partition,
        order_transaction_cost_vat_value,
        order_transaction_cost_installment_value,
        order_transaction_cost_date,
        transaction_datetime,
        transaction_date
    from source
    qualify row_number() over (
        partition by purchase_id
        order by transaction_datetime desc
    ) = 1
)

select * from deduplicated
  );

[0m14:56:58.056243 [debug] [Thread-2 (]: Using duckdb connection "model.teachable_gmv.stg_product_item"
[0m14:56:58.056406 [debug] [Thread-4 (]: SQL status: OK in 0.001 seconds
[0m14:56:58.056589 [debug] [Thread-3 (]: On model.teachable_gmv.stg_purchase: /* {"app": "dbt", "dbt_version": "1.10.19", "profile_name": "teachable_gmv", "target_name": "dev", "node_id": "model.teachable_gmv.stg_purchase"} */

  
  create view "teachable"."main_silver"."stg_purchase__dbt_tmp" as (
    

/*
    Staging: Purchase

    Deduplicação CDC: mantém apenas a última versão de cada purchase_id
    baseado em transaction_datetime.

    Fonte: raw.purchase (eventos CDC)
    Grain: 1 row per purchase_id
*/

with source as (
    select * from "teachable"."raw"."purchase"
),

deduplicated as (
    select
        purchase_id,
        buyer_id,
        prod_item_id,
        order_date,
        release_date,
        producer_id,
        purchase_partition,
        prod_item_partition,
        purchase_total_value,
        purchase_status,
        transaction_datetime,
        transaction_date
    from source
    qualify row_number() over (
        partition by purchase_id
        order by transaction_datetime desc
    ) = 1
)

select * from deduplicated
  );

[0m14:56:58.056877 [debug] [Thread-2 (]: On model.teachable_gmv.stg_product_item: /* {"app": "dbt", "dbt_version": "1.10.19", "profile_name": "teachable_gmv", "target_name": "dev", "node_id": "model.teachable_gmv.stg_product_item"} */

  
  create view "teachable"."main_silver"."stg_product_item__dbt_tmp" as (
    

/*
    Staging: Product Item

    Deduplicação CDC: mantém apenas a última versão de cada prod_item_id
    baseado em transaction_datetime.

    Fonte: raw.product_item (eventos CDC)
    Grain: 1 row per prod_item_id

    Nota: purchase_value é o campo usado para cálculo de GMV
*/

with source as (
    select * from "teachable"."raw"."product_item"
),

deduplicated as (
    select
        prod_item_id,
        prod_item_partition,
        product_id,
        item_quantity,
        purchase_value,
        transaction_datetime,
        transaction_date
    from source
    qualify row_number() over (
        partition by prod_item_id
        order by transaction_datetime desc
    ) = 1
)

select * from deduplicated
  );

[0m14:56:58.060171 [debug] [Thread-4 (]: Using duckdb connection "model.teachable_gmv.stg_purchase_extra_info"
[0m14:56:58.060466 [debug] [Thread-1 (]: SQL status: OK in 0.004 seconds
[0m14:56:58.060715 [debug] [Thread-4 (]: On model.teachable_gmv.stg_purchase_extra_info: /* {"app": "dbt", "dbt_version": "1.10.19", "profile_name": "teachable_gmv", "target_name": "dev", "node_id": "model.teachable_gmv.stg_purchase_extra_info"} */
alter view "teachable"."main_silver"."stg_purchase_extra_info__dbt_tmp" rename to "stg_purchase_extra_info"
[0m14:56:58.062166 [debug] [Thread-1 (]: Using duckdb connection "model.teachable_gmv.stg_order_transaction_cost_hist"
[0m14:56:58.062360 [debug] [Thread-3 (]: SQL status: OK in 0.002 seconds
[0m14:56:58.062524 [debug] [Thread-2 (]: SQL status: OK in 0.002 seconds
[0m14:56:58.062780 [debug] [Thread-1 (]: On model.teachable_gmv.stg_order_transaction_cost_hist: /* {"app": "dbt", "dbt_version": "1.10.19", "profile_name": "teachable_gmv", "target_name": "dev", "node_id": "model.teachable_gmv.stg_order_transaction_cost_hist"} */
alter view "teachable"."main_silver"."stg_order_transaction_cost_hist__dbt_tmp" rename to "stg_order_transaction_cost_hist"
[0m14:56:58.064296 [debug] [Thread-3 (]: Using duckdb connection "model.teachable_gmv.stg_purchase"
[0m14:56:58.065612 [debug] [Thread-2 (]: Using duckdb connection "model.teachable_gmv.stg_product_item"
[0m14:56:58.065787 [debug] [Thread-4 (]: SQL status: OK in 0.003 seconds
[0m14:56:58.066010 [debug] [Thread-3 (]: On model.teachable_gmv.stg_purchase: /* {"app": "dbt", "dbt_version": "1.10.19", "profile_name": "teachable_gmv", "target_name": "dev", "node_id": "model.teachable_gmv.stg_purchase"} */
alter view "teachable"."main_silver"."stg_purchase__dbt_tmp" rename to "stg_purchase"
[0m14:56:58.066194 [debug] [Thread-2 (]: On model.teachable_gmv.stg_product_item: /* {"app": "dbt", "dbt_version": "1.10.19", "profile_name": "teachable_gmv", "target_name": "dev", "node_id": "model.teachable_gmv.stg_product_item"} */
alter view "teachable"."main_silver"."stg_product_item__dbt_tmp" rename to "stg_product_item"
[0m14:56:58.066461 [debug] [Thread-1 (]: SQL status: OK in 0.001 seconds
[0m14:56:58.074584 [debug] [Thread-4 (]: On model.teachable_gmv.stg_purchase_extra_info: COMMIT
[0m14:56:58.075139 [debug] [Thread-3 (]: SQL status: OK in 0.000 seconds
[0m14:56:58.075954 [debug] [Thread-1 (]: On model.teachable_gmv.stg_order_transaction_cost_hist: COMMIT
[0m14:56:58.076164 [debug] [Thread-4 (]: Using duckdb connection "model.teachable_gmv.stg_purchase_extra_info"
[0m14:56:58.076827 [debug] [Thread-3 (]: On model.teachable_gmv.stg_purchase: COMMIT
[0m14:56:58.077007 [debug] [Thread-1 (]: Using duckdb connection "model.teachable_gmv.stg_order_transaction_cost_hist"
[0m14:56:58.077175 [debug] [Thread-2 (]: SQL status: OK in 0.002 seconds
[0m14:56:58.077361 [debug] [Thread-4 (]: On model.teachable_gmv.stg_purchase_extra_info: COMMIT
[0m14:56:58.077535 [debug] [Thread-3 (]: Using duckdb connection "model.teachable_gmv.stg_purchase"
[0m14:56:58.077709 [debug] [Thread-1 (]: On model.teachable_gmv.stg_order_transaction_cost_hist: COMMIT
[0m14:56:58.078374 [debug] [Thread-2 (]: On model.teachable_gmv.stg_product_item: COMMIT
[0m14:56:58.078599 [debug] [Thread-3 (]: On model.teachable_gmv.stg_purchase: COMMIT
[0m14:56:58.078846 [debug] [Thread-2 (]: Using duckdb connection "model.teachable_gmv.stg_product_item"
[0m14:56:58.079161 [debug] [Thread-2 (]: On model.teachable_gmv.stg_product_item: COMMIT
[0m14:56:58.079445 [debug] [Thread-4 (]: SQL status: OK in 0.001 seconds
[0m14:56:58.082624 [debug] [Thread-4 (]: Using duckdb connection "model.teachable_gmv.stg_purchase_extra_info"
[0m14:56:58.082845 [debug] [Thread-4 (]: On model.teachable_gmv.stg_purchase_extra_info: /* {"app": "dbt", "dbt_version": "1.10.19", "profile_name": "teachable_gmv", "target_name": "dev", "node_id": "model.teachable_gmv.stg_purchase_extra_info"} */

      drop view if exists "teachable"."main_silver"."stg_purchase_extra_info__dbt_backup" cascade
    
[0m14:56:58.083096 [debug] [Thread-1 (]: SQL status: OK in 0.004 seconds
[0m14:56:58.083348 [debug] [Thread-3 (]: SQL status: OK in 0.004 seconds
[0m14:56:58.084589 [debug] [Thread-1 (]: Using duckdb connection "model.teachable_gmv.stg_order_transaction_cost_hist"
[0m14:56:58.084776 [debug] [Thread-2 (]: SQL status: OK in 0.005 seconds
[0m14:56:58.084953 [debug] [Thread-4 (]: SQL status: OK in 0.002 seconds
[0m14:56:58.086124 [debug] [Thread-3 (]: Using duckdb connection "model.teachable_gmv.stg_purchase"
[0m14:56:58.086317 [debug] [Thread-1 (]: On model.teachable_gmv.stg_order_transaction_cost_hist: /* {"app": "dbt", "dbt_version": "1.10.19", "profile_name": "teachable_gmv", "target_name": "dev", "node_id": "model.teachable_gmv.stg_order_transaction_cost_hist"} */

      drop view if exists "teachable"."main_silver"."stg_order_transaction_cost_hist__dbt_backup" cascade
    
[0m14:56:58.087320 [debug] [Thread-2 (]: Using duckdb connection "model.teachable_gmv.stg_product_item"
[0m14:56:58.088587 [debug] [Thread-4 (]: On model.teachable_gmv.stg_purchase_extra_info: Close
[0m14:56:58.088794 [debug] [Thread-3 (]: On model.teachable_gmv.stg_purchase: /* {"app": "dbt", "dbt_version": "1.10.19", "profile_name": "teachable_gmv", "target_name": "dev", "node_id": "model.teachable_gmv.stg_purchase"} */

      drop view if exists "teachable"."main_silver"."stg_purchase__dbt_backup" cascade
    
[0m14:56:58.089060 [debug] [Thread-2 (]: On model.teachable_gmv.stg_product_item: /* {"app": "dbt", "dbt_version": "1.10.19", "profile_name": "teachable_gmv", "target_name": "dev", "node_id": "model.teachable_gmv.stg_product_item"} */

      drop view if exists "teachable"."main_silver"."stg_product_item__dbt_backup" cascade
    
[0m14:56:58.089595 [debug] [Thread-1 (]: SQL status: OK in 0.001 seconds
[0m14:56:58.090686 [debug] [Thread-1 (]: On model.teachable_gmv.stg_order_transaction_cost_hist: Close
[0m14:56:58.090993 [debug] [Thread-3 (]: SQL status: OK in 0.001 seconds
[0m14:56:58.091172 [debug] [Thread-2 (]: SQL status: OK in 0.001 seconds
[0m14:56:58.091815 [debug] [Thread-3 (]: On model.teachable_gmv.stg_purchase: Close
[0m14:56:58.092443 [debug] [Thread-2 (]: On model.teachable_gmv.stg_product_item: Close
[0m14:56:58.092725 [debug] [Thread-4 (]: Sending event: {'category': 'dbt', 'action': 'run_model', 'label': 'cc1d932c-d566-4459-a2f0-a42ce6c28259', 'context': [<snowplow_tracker.self_describing_json.SelfDescribingJson object at 0x1058624c0>]}
[0m14:56:58.092886 [debug] [Thread-1 (]: Sending event: {'category': 'dbt', 'action': 'run_model', 'label': 'cc1d932c-d566-4459-a2f0-a42ce6c28259', 'context': [<snowplow_tracker.self_describing_json.SelfDescribingJson object at 0x105b7efd0>]}
[0m14:56:58.093031 [debug] [Thread-3 (]: Sending event: {'category': 'dbt', 'action': 'run_model', 'label': 'cc1d932c-d566-4459-a2f0-a42ce6c28259', 'context': [<snowplow_tracker.self_describing_json.SelfDescribingJson object at 0x104331d10>]}
[0m14:56:58.093263 [debug] [Thread-2 (]: Sending event: {'category': 'dbt', 'action': 'run_model', 'label': 'cc1d932c-d566-4459-a2f0-a42ce6c28259', 'context': [<snowplow_tracker.self_describing_json.SelfDescribingJson object at 0x105d00050>]}
[0m14:56:58.093570 [info ] [Thread-4 (]: 4 of 5 OK created sql view model main_silver.stg_purchase_extra_info ........... [[32mOK[0m in 0.07s]
[0m14:56:58.093889 [info ] [Thread-1 (]: 1 of 5 OK created sql view model main_silver.stg_order_transaction_cost_hist ... [[32mOK[0m in 0.07s]
[0m14:56:58.094128 [info ] [Thread-3 (]: 3 of 5 OK created sql view model main_silver.stg_purchase ...................... [[32mOK[0m in 0.08s]
[0m14:56:58.094674 [debug] [Thread-4 (]: Finished running node model.teachable_gmv.stg_purchase_extra_info
[0m14:56:58.094407 [info ] [Thread-2 (]: 2 of 5 OK created sql view model main_silver.stg_product_item .................. [[32mOK[0m in 0.08s]
[0m14:56:58.094961 [debug] [Thread-1 (]: Finished running node model.teachable_gmv.stg_order_transaction_cost_hist
[0m14:56:58.095198 [debug] [Thread-3 (]: Finished running node model.teachable_gmv.stg_purchase
[0m14:56:58.095491 [debug] [Thread-2 (]: Finished running node model.teachable_gmv.stg_product_item
[0m14:56:58.095894 [debug] [Thread-4 (]: Began running node model.teachable_gmv.int_purchase_enriched
[0m14:56:58.096144 [info ] [Thread-4 (]: 5 of 5 START sql view model main_silver.int_purchase_enriched .................. [RUN]
[0m14:56:58.096367 [debug] [Thread-4 (]: Re-using an available connection from the pool (formerly model.teachable_gmv.stg_purchase_extra_info, now model.teachable_gmv.int_purchase_enriched)
[0m14:56:58.096552 [debug] [Thread-4 (]: Began compiling node model.teachable_gmv.int_purchase_enriched
[0m14:56:58.098319 [debug] [Thread-4 (]: Writing injected SQL for node "model.teachable_gmv.int_purchase_enriched"
[0m14:56:58.098733 [debug] [Thread-4 (]: Began executing node model.teachable_gmv.int_purchase_enriched
[0m14:56:58.100885 [debug] [Thread-4 (]: Writing runtime sql for node "model.teachable_gmv.int_purchase_enriched"
[0m14:56:58.101500 [debug] [Thread-4 (]: Using duckdb connection "model.teachable_gmv.int_purchase_enriched"
[0m14:56:58.101811 [debug] [Thread-4 (]: On model.teachable_gmv.int_purchase_enriched: BEGIN
[0m14:56:58.102023 [debug] [Thread-4 (]: Opening a new connection, currently in state closed
[0m14:56:58.102441 [debug] [Thread-4 (]: SQL status: OK in 0.000 seconds
[0m14:56:58.102622 [debug] [Thread-4 (]: Using duckdb connection "model.teachable_gmv.int_purchase_enriched"
[0m14:56:58.102841 [debug] [Thread-4 (]: On model.teachable_gmv.int_purchase_enriched: /* {"app": "dbt", "dbt_version": "1.10.19", "profile_name": "teachable_gmv", "target_name": "dev", "node_id": "model.teachable_gmv.int_purchase_enriched"} */

  
  create view "teachable"."main_silver"."int_purchase_enriched__dbt_tmp" as (
    

/*
    Intermediate: Purchase Enriched

    Consolida as stagings em uma única visão desnormalizada,
    preparando os dados para a camada gold.

    Joins:
    - stg_purchase (base)
    - stg_product_item (via prod_item_id) -> purchase_value para GMV
    - stg_purchase_extra_info (via purchase_id) -> subsidiary para agrupamento

    Grain: 1 row per purchase_id

    Esta tabela entrega todos os campos necessários para a gold
    calcular GMV por subsidiary sem necessidade de joins adicionais.

    Requisito atendido: "Simple to query by non-expert SQL users (no joins needed)"
*/

with purchase as (
    select * from "teachable"."main_silver"."stg_purchase"
),

product_item as (
    select * from "teachable"."main_silver"."stg_product_item"
),

purchase_extra_info as (
    select * from "teachable"."main_silver"."stg_purchase_extra_info"
),

enriched as (
    select
        -- Identificadores
        p.purchase_id,
        p.buyer_id,
        p.producer_id,
        pi.product_id,

        -- Dimensões temporais
        p.transaction_date,
        p.order_date,
        p.release_date,

        -- Dimensões de negócio
        pei.subsidiary,
        p.purchase_status,

        -- Métricas
        pi.purchase_value,
        pi.item_quantity,

        -- Campos técnicos (para auditoria/debug)
        p.prod_item_id,
        greatest(
            p.transaction_datetime,
            coalesce(pi.transaction_datetime, p.transaction_datetime),
            coalesce(pei.transaction_datetime, p.transaction_datetime)
        ) as last_updated_at

    from purchase p
    left join product_item pi
        on p.prod_item_id = pi.prod_item_id
    left join purchase_extra_info pei
        on p.purchase_id = pei.purchase_id
)

select * from enriched
  );

[0m14:56:58.104180 [debug] [Thread-4 (]: SQL status: OK in 0.001 seconds
[0m14:56:58.105694 [debug] [Thread-4 (]: Using duckdb connection "model.teachable_gmv.int_purchase_enriched"
[0m14:56:58.105873 [debug] [Thread-4 (]: On model.teachable_gmv.int_purchase_enriched: /* {"app": "dbt", "dbt_version": "1.10.19", "profile_name": "teachable_gmv", "target_name": "dev", "node_id": "model.teachable_gmv.int_purchase_enriched"} */
alter view "teachable"."main_silver"."int_purchase_enriched__dbt_tmp" rename to "int_purchase_enriched"
[0m14:56:58.106227 [debug] [Thread-4 (]: SQL status: OK in 0.000 seconds
[0m14:56:58.106894 [debug] [Thread-4 (]: On model.teachable_gmv.int_purchase_enriched: COMMIT
[0m14:56:58.107063 [debug] [Thread-4 (]: Using duckdb connection "model.teachable_gmv.int_purchase_enriched"
[0m14:56:58.107222 [debug] [Thread-4 (]: On model.teachable_gmv.int_purchase_enriched: COMMIT
[0m14:56:58.107712 [debug] [Thread-4 (]: SQL status: OK in 0.000 seconds
[0m14:56:58.108774 [debug] [Thread-4 (]: Using duckdb connection "model.teachable_gmv.int_purchase_enriched"
[0m14:56:58.108951 [debug] [Thread-4 (]: On model.teachable_gmv.int_purchase_enriched: /* {"app": "dbt", "dbt_version": "1.10.19", "profile_name": "teachable_gmv", "target_name": "dev", "node_id": "model.teachable_gmv.int_purchase_enriched"} */

      drop view if exists "teachable"."main_silver"."int_purchase_enriched__dbt_backup" cascade
    
[0m14:56:58.109265 [debug] [Thread-4 (]: SQL status: OK in 0.000 seconds
[0m14:56:58.109931 [debug] [Thread-4 (]: On model.teachable_gmv.int_purchase_enriched: Close
[0m14:56:58.110312 [debug] [Thread-4 (]: Sending event: {'category': 'dbt', 'action': 'run_model', 'label': 'cc1d932c-d566-4459-a2f0-a42ce6c28259', 'context': [<snowplow_tracker.self_describing_json.SelfDescribingJson object at 0x105c0b3b0>]}
[0m14:56:58.110674 [info ] [Thread-4 (]: 5 of 5 OK created sql view model main_silver.int_purchase_enriched ............. [[32mOK[0m in 0.01s]
[0m14:56:58.111133 [debug] [Thread-4 (]: Finished running node model.teachable_gmv.int_purchase_enriched
[0m14:56:58.111757 [debug] [MainThread]: Using duckdb connection "master"
[0m14:56:58.111924 [debug] [MainThread]: On master: BEGIN
[0m14:56:58.112062 [debug] [MainThread]: Opening a new connection, currently in state closed
[0m14:56:58.112401 [debug] [MainThread]: SQL status: OK in 0.000 seconds
[0m14:56:58.112549 [debug] [MainThread]: On master: COMMIT
[0m14:56:58.112715 [debug] [MainThread]: Using duckdb connection "master"
[0m14:56:58.112845 [debug] [MainThread]: On master: COMMIT
[0m14:56:58.113070 [debug] [MainThread]: SQL status: OK in 0.000 seconds
[0m14:56:58.113207 [debug] [MainThread]: On master: Close
[0m14:56:58.113382 [debug] [MainThread]: Connection 'master' was properly closed.
[0m14:56:58.113509 [debug] [MainThread]: Connection 'model.teachable_gmv.stg_order_transaction_cost_hist' was properly closed.
[0m14:56:58.113628 [debug] [MainThread]: Connection 'model.teachable_gmv.stg_purchase' was properly closed.
[0m14:56:58.113744 [debug] [MainThread]: Connection 'model.teachable_gmv.int_purchase_enriched' was properly closed.
[0m14:56:58.113858 [debug] [MainThread]: Connection 'model.teachable_gmv.stg_product_item' was properly closed.
[0m14:56:58.114023 [info ] [MainThread]: 
[0m14:56:58.114172 [info ] [MainThread]: Finished running 5 view models in 0 hours 0 minutes and 0.19 seconds (0.19s).
[0m14:56:58.114724 [debug] [MainThread]: Command end result
[0m14:56:58.130852 [debug] [MainThread]: Wrote artifact WritableManifest to /Users/davidlima/wspace/Teachable-Interview/teachable_davifati_dataengineeringprincipal_technicalcase/dbt_project/target/manifest.json
[0m14:56:58.131890 [debug] [MainThread]: Wrote artifact SemanticManifest to /Users/davidlima/wspace/Teachable-Interview/teachable_davifati_dataengineeringprincipal_technicalcase/dbt_project/target/semantic_manifest.json
[0m14:56:58.135824 [debug] [MainThread]: Wrote artifact RunExecutionResult to /Users/davidlima/wspace/Teachable-Interview/teachable_davifati_dataengineeringprincipal_technicalcase/dbt_project/target/run_results.json
[0m14:56:58.136051 [info ] [MainThread]: 
[0m14:56:58.136254 [info ] [MainThread]: [32mCompleted successfully[0m
[0m14:56:58.136403 [info ] [MainThread]: 
[0m14:56:58.136564 [info ] [MainThread]: Done. PASS=5 WARN=0 ERROR=0 SKIP=0 NO-OP=0 TOTAL=5
[0m14:56:58.151172 [debug] [MainThread]: Resource report: {"command_name": "run", "command_success": true, "command_wall_clock_time": 1.4153423, "process_in_blocks": "0", "process_kernel_time": 0.268561, "process_mem_max_rss": "138526720", "process_out_blocks": "0", "process_user_time": 1.756708}
[0m14:56:58.151513 [debug] [MainThread]: Command `dbt run` succeeded at 14:56:58.151457 after 1.42 seconds
[0m14:56:58.151741 [debug] [MainThread]: Sending event: {'category': 'dbt', 'action': 'invocation', 'label': 'end', 'context': [<snowplow_tracker.self_describing_json.SelfDescribingJson object at 0x104a1dbb0>, <snowplow_tracker.self_describing_json.SelfDescribingJson object at 0x105cfdd30>, <snowplow_tracker.self_describing_json.SelfDescribingJson object at 0x105cfff50>]}
[0m14:56:58.151960 [debug] [MainThread]: Flushing usage events
[0m14:56:59.005610 [debug] [MainThread]: An error was encountered while trying to flush usage events
[0m15:01:35.311934 [debug] [MainThread]: Sending event: {'category': 'dbt', 'action': 'invocation', 'label': 'start', 'context': [<snowplow_tracker.self_describing_json.SelfDescribingJson object at 0x10701c1a0>, <snowplow_tracker.self_describing_json.SelfDescribingJson object at 0x108297b10>, <snowplow_tracker.self_describing_json.SelfDescribingJson object at 0x108297c50>]}


============================== 15:01:35.318393 | e0f34c70-91de-4845-be1e-9e2599675272 ==============================
[0m15:01:35.318393 [info ] [MainThread]: Running with dbt=1.10.19
[0m15:01:35.319506 [debug] [MainThread]: running dbt with arguments {'write_json': 'True', 'log_cache_events': 'False', 'log_path': 'dbt_project/logs', 'quiet': 'False', 'fail_fast': 'False', 'empty': 'False', 'version_check': 'True', 'invocation_command': 'dbt run --profiles-dir dbt_project --project-dir dbt_project', 'send_anonymous_usage_stats': 'True', 'debug': 'False', 'indirect_selection': 'eager', 'use_experimental_parser': 'False', 'use_colors': 'True', 'no_print': 'None', 'static_parser': 'True', 'profiles_dir': 'dbt_project', 'target_path': 'None', 'log_format': 'default', 'warn_error_options': 'WarnErrorOptionsV2(error=[], warn=[], silence=[])', 'cache_selected_only': 'False', 'warn_error': 'None', 'partial_parse': 'True', 'printer_width': '80', 'introspect': 'True'}
[0m15:01:35.569386 [debug] [MainThread]: Sending event: {'category': 'dbt', 'action': 'project_id', 'label': 'e0f34c70-91de-4845-be1e-9e2599675272', 'context': [<snowplow_tracker.self_describing_json.SelfDescribingJson object at 0x1071d8050>]}
[0m15:01:35.646050 [debug] [MainThread]: Sending event: {'category': 'dbt', 'action': 'adapter_info', 'label': 'e0f34c70-91de-4845-be1e-9e2599675272', 'context': [<snowplow_tracker.self_describing_json.SelfDescribingJson object at 0x10815fdf0>]}
[0m15:01:35.651366 [info ] [MainThread]: Registered adapter: duckdb=1.10.0
[0m15:01:35.797028 [debug] [MainThread]: checksum: c35ba6d374a0901ceb00688d5179d5550885e1756283b03e5e81c28e0d8d2248, vars: {}, profile: , target: , version: 1.10.19
[0m15:01:35.980799 [debug] [MainThread]: Partial parsing enabled: 0 files deleted, 0 files added, 0 files changed.
[0m15:01:35.981114 [debug] [MainThread]: Partial parsing enabled, no changes found, skipping parsing
[0m15:01:35.990246 [warn ] [MainThread]: [[33mWARNING[0m]: Configuration paths exist in your dbt_project.yml file which do not apply to any resources.
There are 1 unused configuration paths:
- models.teachable_gmv.gold
[0m15:01:36.035121 [debug] [MainThread]: Sending event: {'category': 'dbt', 'action': 'load_project', 'label': 'e0f34c70-91de-4845-be1e-9e2599675272', 'context': [<snowplow_tracker.self_describing_json.SelfDescribingJson object at 0x108388950>]}
[0m15:01:36.140031 [debug] [MainThread]: Wrote artifact WritableManifest to dbt_project/target/manifest.json
[0m15:01:36.143394 [debug] [MainThread]: Wrote artifact SemanticManifest to dbt_project/target/semantic_manifest.json
[0m15:01:36.196345 [debug] [MainThread]: Sending event: {'category': 'dbt', 'action': 'resource_counts', 'label': 'e0f34c70-91de-4845-be1e-9e2599675272', 'context': [<snowplow_tracker.self_describing_json.SelfDescribingJson object at 0x10880f200>]}
[0m15:01:36.196986 [info ] [MainThread]: Found 5 models, 4 sources, 472 macros
[0m15:01:36.197491 [debug] [MainThread]: Sending event: {'category': 'dbt', 'action': 'runnable_timing', 'label': 'e0f34c70-91de-4845-be1e-9e2599675272', 'context': [<snowplow_tracker.self_describing_json.SelfDescribingJson object at 0x1083ef690>]}
[0m15:01:36.199181 [info ] [MainThread]: 
[0m15:01:36.199469 [info ] [MainThread]: Concurrency: 4 threads (target='dev')
[0m15:01:36.199631 [info ] [MainThread]: 
[0m15:01:36.199984 [debug] [MainThread]: Acquiring new duckdb connection 'master'
[0m15:01:36.205438 [debug] [ThreadPool]: Acquiring new duckdb connection 'list_teachable'
[0m15:01:36.294642 [debug] [ThreadPool]: Using duckdb connection "list_teachable"
[0m15:01:36.294979 [debug] [ThreadPool]: On list_teachable: /* {"app": "dbt", "dbt_version": "1.10.19", "profile_name": "teachable_gmv", "target_name": "dev", "connection_name": "list_teachable"} */

    
    select schema_name
    from system.information_schema.schemata
    
    where lower(catalog_name) = '"teachable"'
    
  
  
[0m15:01:36.295195 [debug] [ThreadPool]: Opening a new connection, currently in state init
[0m15:01:36.304819 [debug] [ThreadPool]: DuckDB adapter: Error running SQL: /* {"app": "dbt", "dbt_version": "1.10.19", "profile_name": "teachable_gmv", "target_name": "dev", "connection_name": "list_teachable"} */

    
    select schema_name
    from system.information_schema.schemata
    
    where lower(catalog_name) = '"teachable"'
    
  
  
[0m15:01:36.305656 [debug] [ThreadPool]: DuckDB adapter: Rolling back transaction.
[0m15:01:36.306572 [debug] [MainThread]: Connection 'master' was properly closed.
[0m15:01:36.307098 [debug] [MainThread]: Connection 'list_teachable' was properly closed.
[0m15:01:36.307713 [info ] [MainThread]: 
[0m15:01:36.308371 [info ] [MainThread]: Finished running  in 0 hours 0 minutes and 0.11 seconds (0.11s).
[0m15:01:36.309767 [error] [MainThread]: Encountered an error:
Runtime Error
  IO Error: Cannot open file "/Users/davidlima/wspace/Teachable-Interview/teachable_davifati_dataengineeringprincipal_technicalcase/../warehouse/teachable.duckdb": No such file or directory
[0m15:01:36.316370 [debug] [MainThread]: Resource report: {"command_name": "run", "command_success": false, "command_wall_clock_time": 1.2841487, "process_in_blocks": "0", "process_kernel_time": 0.400326, "process_mem_max_rss": "103743488", "process_out_blocks": "0", "process_user_time": 1.596171}
[0m15:01:36.318240 [debug] [MainThread]: Command `dbt run` failed at 15:01:36.317737 after 1.29 seconds
[0m15:01:36.319827 [debug] [MainThread]: Sending event: {'category': 'dbt', 'action': 'invocation', 'label': 'end', 'context': [<snowplow_tracker.self_describing_json.SelfDescribingJson object at 0x108af7110>, <snowplow_tracker.self_describing_json.SelfDescribingJson object at 0x108314650>, <snowplow_tracker.self_describing_json.SelfDescribingJson object at 0x1089e2bd0>]}
[0m15:01:36.320958 [debug] [MainThread]: Flushing usage events
[0m15:01:37.031214 [debug] [MainThread]: An error was encountered while trying to flush usage events
[0m15:02:44.271528 [debug] [MainThread]: Sending event: {'category': 'dbt', 'action': 'invocation', 'label': 'start', 'context': [<snowplow_tracker.self_describing_json.SelfDescribingJson object at 0x10686c1a0>, <snowplow_tracker.self_describing_json.SelfDescribingJson object at 0x1076b7b10>, <snowplow_tracker.self_describing_json.SelfDescribingJson object at 0x1076b7c50>]}


============================== 15:02:44.274904 | 2089ae92-51a6-423e-a485-35e20734a763 ==============================
[0m15:02:44.274904 [info ] [MainThread]: Running with dbt=1.10.19
[0m15:02:44.275271 [debug] [MainThread]: running dbt with arguments {'static_parser': 'True', 'invocation_command': 'dbt run --profiles-dir .', 'empty': 'False', 'log_cache_events': 'False', 'no_print': 'None', 'target_path': 'None', 'warn_error_options': 'WarnErrorOptionsV2(error=[], warn=[], silence=[])', 'log_path': '/Users/davidlima/wspace/Teachable-Interview/teachable_davifati_dataengineeringprincipal_technicalcase/dbt_project/logs', 'profiles_dir': '.', 'warn_error': 'None', 'indirect_selection': 'eager', 'send_anonymous_usage_stats': 'True', 'partial_parse': 'True', 'quiet': 'False', 'debug': 'False', 'log_format': 'default', 'cache_selected_only': 'False', 'introspect': 'True', 'write_json': 'True', 'printer_width': '80', 'fail_fast': 'False', 'use_experimental_parser': 'False', 'version_check': 'True', 'use_colors': 'True'}
[0m15:02:44.471949 [debug] [MainThread]: Sending event: {'category': 'dbt', 'action': 'project_id', 'label': '2089ae92-51a6-423e-a485-35e20734a763', 'context': [<snowplow_tracker.self_describing_json.SelfDescribingJson object at 0x106a28050>]}
[0m15:02:44.504451 [debug] [MainThread]: Sending event: {'category': 'dbt', 'action': 'adapter_info', 'label': '2089ae92-51a6-423e-a485-35e20734a763', 'context': [<snowplow_tracker.self_describing_json.SelfDescribingJson object at 0x10757fdf0>]}
[0m15:02:44.506207 [info ] [MainThread]: Registered adapter: duckdb=1.10.0
[0m15:02:44.608785 [debug] [MainThread]: checksum: c35ba6d374a0901ceb00688d5179d5550885e1756283b03e5e81c28e0d8d2248, vars: {}, profile: , target: , version: 1.10.19
[0m15:02:44.698072 [debug] [MainThread]: Partial parsing enabled: 0 files deleted, 0 files added, 0 files changed.
[0m15:02:44.698341 [debug] [MainThread]: Partial parsing enabled, no changes found, skipping parsing
[0m15:02:44.701989 [warn ] [MainThread]: [[33mWARNING[0m]: Configuration paths exist in your dbt_project.yml file which do not apply to any resources.
There are 1 unused configuration paths:
- models.teachable_gmv.gold
[0m15:02:44.721223 [debug] [MainThread]: Sending event: {'category': 'dbt', 'action': 'load_project', 'label': '2089ae92-51a6-423e-a485-35e20734a763', 'context': [<snowplow_tracker.self_describing_json.SelfDescribingJson object at 0x1077a8950>]}
[0m15:02:44.763526 [debug] [MainThread]: Wrote artifact WritableManifest to /Users/davidlima/wspace/Teachable-Interview/teachable_davifati_dataengineeringprincipal_technicalcase/dbt_project/target/manifest.json
[0m15:02:44.765002 [debug] [MainThread]: Wrote artifact SemanticManifest to /Users/davidlima/wspace/Teachable-Interview/teachable_davifati_dataengineeringprincipal_technicalcase/dbt_project/target/semantic_manifest.json
[0m15:02:44.777924 [debug] [MainThread]: Sending event: {'category': 'dbt', 'action': 'resource_counts', 'label': '2089ae92-51a6-423e-a485-35e20734a763', 'context': [<snowplow_tracker.self_describing_json.SelfDescribingJson object at 0x107c0b200>]}
[0m15:02:44.778227 [info ] [MainThread]: Found 5 models, 4 sources, 472 macros
[0m15:02:44.778403 [debug] [MainThread]: Sending event: {'category': 'dbt', 'action': 'runnable_timing', 'label': '2089ae92-51a6-423e-a485-35e20734a763', 'context': [<snowplow_tracker.self_describing_json.SelfDescribingJson object at 0x10780f690>]}
[0m15:02:44.779480 [info ] [MainThread]: 
[0m15:02:44.779664 [info ] [MainThread]: Concurrency: 4 threads (target='dev')
[0m15:02:44.779801 [info ] [MainThread]: 
[0m15:02:44.780077 [debug] [MainThread]: Acquiring new duckdb connection 'master'
[0m15:02:44.782611 [debug] [ThreadPool]: Acquiring new duckdb connection 'list_teachable'
[0m15:02:44.818064 [debug] [ThreadPool]: Using duckdb connection "list_teachable"
[0m15:02:44.818305 [debug] [ThreadPool]: On list_teachable: /* {"app": "dbt", "dbt_version": "1.10.19", "profile_name": "teachable_gmv", "target_name": "dev", "connection_name": "list_teachable"} */

    
    select schema_name
    from system.information_schema.schemata
    
    where lower(catalog_name) = '"teachable"'
    
  
  
[0m15:02:44.818471 [debug] [ThreadPool]: Opening a new connection, currently in state init
[0m15:02:44.829641 [debug] [ThreadPool]: SQL status: OK in 0.011 seconds
[0m15:02:44.830426 [debug] [ThreadPool]: On list_teachable: Close
[0m15:02:44.830768 [debug] [ThreadPool]: Re-using an available connection from the pool (formerly list_teachable, now create_teachable_main_silver)
[0m15:02:44.831002 [debug] [ThreadPool]: Creating schema "database: "teachable"
schema: "main_silver"
"
[0m15:02:44.834492 [debug] [ThreadPool]: Using duckdb connection "create_teachable_main_silver"
[0m15:02:44.834672 [debug] [ThreadPool]: On create_teachable_main_silver: /* {"app": "dbt", "dbt_version": "1.10.19", "profile_name": "teachable_gmv", "target_name": "dev", "connection_name": "create_teachable_main_silver"} */

    
        select type from duckdb_databases()
        where lower(database_name)='teachable'
        and type='sqlite'
    
  
[0m15:02:44.834820 [debug] [ThreadPool]: Opening a new connection, currently in state closed
[0m15:02:44.835454 [debug] [ThreadPool]: SQL status: OK in 0.001 seconds
[0m15:02:44.836137 [debug] [ThreadPool]: Using duckdb connection "create_teachable_main_silver"
[0m15:02:44.836291 [debug] [ThreadPool]: On create_teachable_main_silver: BEGIN
[0m15:02:44.836583 [debug] [ThreadPool]: SQL status: OK in 0.000 seconds
[0m15:02:44.836736 [debug] [ThreadPool]: Using duckdb connection "create_teachable_main_silver"
[0m15:02:44.836880 [debug] [ThreadPool]: On create_teachable_main_silver: /* {"app": "dbt", "dbt_version": "1.10.19", "profile_name": "teachable_gmv", "target_name": "dev", "connection_name": "create_teachable_main_silver"} */

    
    
        create schema if not exists "teachable"."main_silver"
    
[0m15:02:44.837154 [debug] [ThreadPool]: SQL status: OK in 0.000 seconds
[0m15:02:44.837617 [debug] [ThreadPool]: On create_teachable_main_silver: COMMIT
[0m15:02:44.837770 [debug] [ThreadPool]: Using duckdb connection "create_teachable_main_silver"
[0m15:02:44.837905 [debug] [ThreadPool]: On create_teachable_main_silver: COMMIT
[0m15:02:44.838132 [debug] [ThreadPool]: SQL status: OK in 0.000 seconds
[0m15:02:44.838269 [debug] [ThreadPool]: On create_teachable_main_silver: Close
[0m15:02:44.838894 [debug] [ThreadPool]: Re-using an available connection from the pool (formerly create_teachable_main_silver, now list_teachable_main_silver)
[0m15:02:44.841922 [debug] [ThreadPool]: Using duckdb connection "list_teachable_main_silver"
[0m15:02:44.842112 [debug] [ThreadPool]: On list_teachable_main_silver: BEGIN
[0m15:02:44.842251 [debug] [ThreadPool]: Opening a new connection, currently in state closed
[0m15:02:44.842522 [debug] [ThreadPool]: SQL status: OK in 0.000 seconds
[0m15:02:44.842659 [debug] [ThreadPool]: Using duckdb connection "list_teachable_main_silver"
[0m15:02:44.842801 [debug] [ThreadPool]: On list_teachable_main_silver: /* {"app": "dbt", "dbt_version": "1.10.19", "profile_name": "teachable_gmv", "target_name": "dev", "connection_name": "list_teachable_main_silver"} */
select
      'teachable' as database,
      table_name as name,
      table_schema as schema,
      CASE table_type
        WHEN 'BASE TABLE' THEN 'table'
        WHEN 'VIEW' THEN 'view'
        WHEN 'LOCAL TEMPORARY' THEN 'table'
        END as type
    from system.information_schema.tables
    where lower(table_schema) = 'main_silver'
    and lower(table_catalog) = 'teachable'
  
[0m15:02:44.852607 [debug] [ThreadPool]: SQL status: OK in 0.010 seconds
[0m15:02:44.853377 [debug] [ThreadPool]: On list_teachable_main_silver: ROLLBACK
[0m15:02:44.854309 [debug] [ThreadPool]: Failed to rollback 'list_teachable_main_silver'
[0m15:02:44.854479 [debug] [ThreadPool]: On list_teachable_main_silver: Close
[0m15:02:44.855180 [debug] [MainThread]: Sending event: {'category': 'dbt', 'action': 'runnable_timing', 'label': '2089ae92-51a6-423e-a485-35e20734a763', 'context': [<snowplow_tracker.self_describing_json.SelfDescribingJson object at 0x1092ed300>]}
[0m15:02:44.855404 [debug] [MainThread]: Using duckdb connection "master"
[0m15:02:44.855545 [debug] [MainThread]: On master: BEGIN
[0m15:02:44.855676 [debug] [MainThread]: Opening a new connection, currently in state init
[0m15:02:44.855951 [debug] [MainThread]: SQL status: OK in 0.000 seconds
[0m15:02:44.856084 [debug] [MainThread]: On master: COMMIT
[0m15:02:44.856216 [debug] [MainThread]: Using duckdb connection "master"
[0m15:02:44.856340 [debug] [MainThread]: On master: COMMIT
[0m15:02:44.856550 [debug] [MainThread]: SQL status: OK in 0.000 seconds
[0m15:02:44.856680 [debug] [MainThread]: On master: Close
[0m15:02:44.858210 [debug] [Thread-3 (]: Began running node model.teachable_gmv.stg_purchase
[0m15:02:44.858407 [debug] [Thread-1 (]: Began running node model.teachable_gmv.stg_order_transaction_cost_hist
[0m15:02:44.858587 [debug] [Thread-4 (]: Began running node model.teachable_gmv.stg_purchase_extra_info
[0m15:02:44.858749 [debug] [Thread-2 (]: Began running node model.teachable_gmv.stg_product_item
[0m15:02:44.859000 [info ] [Thread-3 (]: 3 of 5 START sql view model main_silver.stg_purchase ........................... [RUN]
[0m15:02:44.859299 [info ] [Thread-1 (]: 1 of 5 START sql view model main_silver.stg_order_transaction_cost_hist ........ [RUN]
[0m15:02:44.859587 [info ] [Thread-4 (]: 4 of 5 START sql view model main_silver.stg_purchase_extra_info ................ [RUN]
[0m15:02:44.860059 [info ] [Thread-2 (]: 2 of 5 START sql view model main_silver.stg_product_item ....................... [RUN]
[0m15:02:44.860426 [debug] [Thread-3 (]: Acquiring new duckdb connection 'model.teachable_gmv.stg_purchase'
[0m15:02:44.860637 [debug] [Thread-1 (]: Re-using an available connection from the pool (formerly list_teachable_main_silver, now model.teachable_gmv.stg_order_transaction_cost_hist)
[0m15:02:44.860885 [debug] [Thread-4 (]: Acquiring new duckdb connection 'model.teachable_gmv.stg_purchase_extra_info'
[0m15:02:44.861108 [debug] [Thread-2 (]: Acquiring new duckdb connection 'model.teachable_gmv.stg_product_item'
[0m15:02:44.861291 [debug] [Thread-3 (]: Began compiling node model.teachable_gmv.stg_purchase
[0m15:02:44.861475 [debug] [Thread-1 (]: Began compiling node model.teachable_gmv.stg_order_transaction_cost_hist
[0m15:02:44.861641 [debug] [Thread-4 (]: Began compiling node model.teachable_gmv.stg_purchase_extra_info
[0m15:02:44.861798 [debug] [Thread-2 (]: Began compiling node model.teachable_gmv.stg_product_item
[0m15:02:44.866453 [debug] [Thread-3 (]: Writing injected SQL for node "model.teachable_gmv.stg_purchase"
[0m15:02:44.868478 [debug] [Thread-1 (]: Writing injected SQL for node "model.teachable_gmv.stg_order_transaction_cost_hist"
[0m15:02:44.869902 [debug] [Thread-4 (]: Writing injected SQL for node "model.teachable_gmv.stg_purchase_extra_info"
[0m15:02:44.871547 [debug] [Thread-2 (]: Writing injected SQL for node "model.teachable_gmv.stg_product_item"
[0m15:02:44.873796 [debug] [Thread-4 (]: Began executing node model.teachable_gmv.stg_purchase_extra_info
[0m15:02:44.880691 [debug] [Thread-2 (]: Began executing node model.teachable_gmv.stg_product_item
[0m15:02:44.880976 [debug] [Thread-3 (]: Began executing node model.teachable_gmv.stg_purchase
[0m15:02:44.891492 [debug] [Thread-1 (]: Began executing node model.teachable_gmv.stg_order_transaction_cost_hist
[0m15:02:44.894598 [debug] [Thread-2 (]: Writing runtime sql for node "model.teachable_gmv.stg_product_item"
[0m15:02:44.895668 [debug] [Thread-4 (]: Writing runtime sql for node "model.teachable_gmv.stg_purchase_extra_info"
[0m15:02:44.897224 [debug] [Thread-3 (]: Writing runtime sql for node "model.teachable_gmv.stg_purchase"
[0m15:02:44.898823 [debug] [Thread-1 (]: Writing runtime sql for node "model.teachable_gmv.stg_order_transaction_cost_hist"
[0m15:02:44.899504 [debug] [Thread-4 (]: Using duckdb connection "model.teachable_gmv.stg_purchase_extra_info"
[0m15:02:44.899940 [debug] [Thread-3 (]: Using duckdb connection "model.teachable_gmv.stg_purchase"
[0m15:02:44.900168 [debug] [Thread-4 (]: On model.teachable_gmv.stg_purchase_extra_info: BEGIN
[0m15:02:44.900389 [debug] [Thread-1 (]: Using duckdb connection "model.teachable_gmv.stg_order_transaction_cost_hist"
[0m15:02:44.900597 [debug] [Thread-2 (]: Using duckdb connection "model.teachable_gmv.stg_product_item"
[0m15:02:44.900761 [debug] [Thread-3 (]: On model.teachable_gmv.stg_purchase: BEGIN
[0m15:02:44.900936 [debug] [Thread-4 (]: Opening a new connection, currently in state init
[0m15:02:44.901111 [debug] [Thread-1 (]: On model.teachable_gmv.stg_order_transaction_cost_hist: BEGIN
[0m15:02:44.901280 [debug] [Thread-2 (]: On model.teachable_gmv.stg_product_item: BEGIN
[0m15:02:44.901440 [debug] [Thread-3 (]: Opening a new connection, currently in state init
[0m15:02:44.901719 [debug] [Thread-1 (]: Opening a new connection, currently in state closed
[0m15:02:44.901884 [debug] [Thread-2 (]: Opening a new connection, currently in state init
[0m15:02:44.902058 [debug] [Thread-4 (]: SQL status: OK in 0.001 seconds
[0m15:02:44.902408 [debug] [Thread-3 (]: SQL status: OK in 0.001 seconds
[0m15:02:44.902568 [debug] [Thread-4 (]: Using duckdb connection "model.teachable_gmv.stg_purchase_extra_info"
[0m15:02:44.902726 [debug] [Thread-1 (]: SQL status: OK in 0.001 seconds
[0m15:02:44.902876 [debug] [Thread-2 (]: SQL status: OK in 0.001 seconds
[0m15:02:44.903025 [debug] [Thread-3 (]: Using duckdb connection "model.teachable_gmv.stg_purchase"
[0m15:02:44.903217 [debug] [Thread-4 (]: On model.teachable_gmv.stg_purchase_extra_info: /* {"app": "dbt", "dbt_version": "1.10.19", "profile_name": "teachable_gmv", "target_name": "dev", "node_id": "model.teachable_gmv.stg_purchase_extra_info"} */

  
  create view "teachable"."main_silver"."stg_purchase_extra_info__dbt_tmp" as (
    

/*
    Staging: Purchase Extra Info

    Deduplicação CDC: mantém apenas a última versão de cada purchase_id
    baseado em transaction_datetime.

    Fonte: raw.purchase_extra_info (eventos CDC)
    Grain: 1 row per purchase_id

    Nota: subsidiary é a dimensão chave para agrupamento de GMV
*/

with source as (
    select * from "teachable"."raw"."purchase_extra_info"
),

deduplicated as (
    select
        purchase_id,
        purchase_partition,
        subsidiary,
        transaction_datetime,
        transaction_date
    from source
    qualify row_number() over (
        partition by purchase_id
        order by transaction_datetime desc
    ) = 1
)

select * from deduplicated
  );

[0m15:02:44.903406 [debug] [Thread-1 (]: Using duckdb connection "model.teachable_gmv.stg_order_transaction_cost_hist"
[0m15:02:44.903564 [debug] [Thread-2 (]: Using duckdb connection "model.teachable_gmv.stg_product_item"
[0m15:02:44.903747 [debug] [Thread-3 (]: On model.teachable_gmv.stg_purchase: /* {"app": "dbt", "dbt_version": "1.10.19", "profile_name": "teachable_gmv", "target_name": "dev", "node_id": "model.teachable_gmv.stg_purchase"} */

  
  create view "teachable"."main_silver"."stg_purchase__dbt_tmp" as (
    

/*
    Staging: Purchase

    Deduplicação CDC: mantém apenas a última versão de cada purchase_id
    baseado em transaction_datetime.

    Fonte: raw.purchase (eventos CDC)
    Grain: 1 row per purchase_id
*/

with source as (
    select * from "teachable"."raw"."purchase"
),

deduplicated as (
    select
        purchase_id,
        buyer_id,
        prod_item_id,
        order_date,
        release_date,
        producer_id,
        purchase_partition,
        prod_item_partition,
        purchase_total_value,
        purchase_status,
        transaction_datetime,
        transaction_date
    from source
    qualify row_number() over (
        partition by purchase_id
        order by transaction_datetime desc
    ) = 1
)

select * from deduplicated
  );

[0m15:02:44.904078 [debug] [Thread-1 (]: On model.teachable_gmv.stg_order_transaction_cost_hist: /* {"app": "dbt", "dbt_version": "1.10.19", "profile_name": "teachable_gmv", "target_name": "dev", "node_id": "model.teachable_gmv.stg_order_transaction_cost_hist"} */

  
  create view "teachable"."main_silver"."stg_order_transaction_cost_hist__dbt_tmp" as (
    

/*
    Staging: Order Transaction Cost History

    Deduplicação CDC: mantém apenas a última versão de cada purchase_id
    baseado em transaction_datetime.

    Fonte: raw.order_transaction_cost_hist (eventos CDC)
    Grain: 1 row per purchase_id

    Nota: Esta tabela contém custos (VAT, installment) que não são usados
    no cálculo de GMV, mas estão disponíveis para evolução futura
    (ex: reconciliação com Finance).
*/

with source as (
    select * from "teachable"."raw"."order_transaction_cost_hist"
),

deduplicated as (
    select
        purchase_id,
        purchase_partition,
        order_transaction_cost_vat_value,
        order_transaction_cost_installment_value,
        order_transaction_cost_date,
        transaction_datetime,
        transaction_date
    from source
    qualify row_number() over (
        partition by purchase_id
        order by transaction_datetime desc
    ) = 1
)

select * from deduplicated
  );

[0m15:02:44.904299 [debug] [Thread-2 (]: On model.teachable_gmv.stg_product_item: /* {"app": "dbt", "dbt_version": "1.10.19", "profile_name": "teachable_gmv", "target_name": "dev", "node_id": "model.teachable_gmv.stg_product_item"} */

  
  create view "teachable"."main_silver"."stg_product_item__dbt_tmp" as (
    

/*
    Staging: Product Item

    Deduplicação CDC: mantém apenas a última versão de cada prod_item_id
    baseado em transaction_datetime.

    Fonte: raw.product_item (eventos CDC)
    Grain: 1 row per prod_item_id

    Nota: purchase_value é o campo usado para cálculo de GMV
*/

with source as (
    select * from "teachable"."raw"."product_item"
),

deduplicated as (
    select
        prod_item_id,
        prod_item_partition,
        product_id,
        item_quantity,
        purchase_value,
        transaction_datetime,
        transaction_date
    from source
    qualify row_number() over (
        partition by prod_item_id
        order by transaction_datetime desc
    ) = 1
)

select * from deduplicated
  );

[0m15:02:44.904564 [debug] [Thread-4 (]: SQL status: OK in 0.001 seconds
[0m15:02:44.908013 [debug] [Thread-4 (]: Using duckdb connection "model.teachable_gmv.stg_purchase_extra_info"
[0m15:02:44.908228 [debug] [Thread-4 (]: On model.teachable_gmv.stg_purchase_extra_info: /* {"app": "dbt", "dbt_version": "1.10.19", "profile_name": "teachable_gmv", "target_name": "dev", "node_id": "model.teachable_gmv.stg_purchase_extra_info"} */
alter view "teachable"."main_silver"."stg_purchase_extra_info" rename to "stg_purchase_extra_info__dbt_backup"
[0m15:02:44.908412 [debug] [Thread-3 (]: SQL status: OK in 0.004 seconds
[0m15:02:44.910235 [debug] [Thread-3 (]: Using duckdb connection "model.teachable_gmv.stg_purchase"
[0m15:02:44.910414 [debug] [Thread-3 (]: On model.teachable_gmv.stg_purchase: /* {"app": "dbt", "dbt_version": "1.10.19", "profile_name": "teachable_gmv", "target_name": "dev", "node_id": "model.teachable_gmv.stg_purchase"} */
alter view "teachable"."main_silver"."stg_purchase" rename to "stg_purchase__dbt_backup"
[0m15:02:44.910588 [debug] [Thread-2 (]: SQL status: OK in 0.006 seconds
[0m15:02:44.910755 [debug] [Thread-1 (]: SQL status: OK in 0.006 seconds
[0m15:02:44.910982 [debug] [Thread-4 (]: SQL status: OK in 0.002 seconds
[0m15:02:44.914229 [debug] [Thread-2 (]: Using duckdb connection "model.teachable_gmv.stg_product_item"
[0m15:02:44.914447 [debug] [Thread-3 (]: SQL status: OK in 0.004 seconds
[0m15:02:44.915822 [debug] [Thread-1 (]: Using duckdb connection "model.teachable_gmv.stg_order_transaction_cost_hist"
[0m15:02:44.917203 [debug] [Thread-4 (]: Using duckdb connection "model.teachable_gmv.stg_purchase_extra_info"
[0m15:02:44.917399 [debug] [Thread-2 (]: On model.teachable_gmv.stg_product_item: /* {"app": "dbt", "dbt_version": "1.10.19", "profile_name": "teachable_gmv", "target_name": "dev", "node_id": "model.teachable_gmv.stg_product_item"} */
alter view "teachable"."main_silver"."stg_product_item" rename to "stg_product_item__dbt_backup"
[0m15:02:44.953648 [debug] [Thread-3 (]: Using duckdb connection "model.teachable_gmv.stg_purchase"
[0m15:02:44.953866 [debug] [Thread-1 (]: On model.teachable_gmv.stg_order_transaction_cost_hist: /* {"app": "dbt", "dbt_version": "1.10.19", "profile_name": "teachable_gmv", "target_name": "dev", "node_id": "model.teachable_gmv.stg_order_transaction_cost_hist"} */
alter view "teachable"."main_silver"."stg_order_transaction_cost_hist" rename to "stg_order_transaction_cost_hist__dbt_backup"
[0m15:02:44.954079 [debug] [Thread-4 (]: On model.teachable_gmv.stg_purchase_extra_info: /* {"app": "dbt", "dbt_version": "1.10.19", "profile_name": "teachable_gmv", "target_name": "dev", "node_id": "model.teachable_gmv.stg_purchase_extra_info"} */
alter view "teachable"."main_silver"."stg_purchase_extra_info__dbt_tmp" rename to "stg_purchase_extra_info"
[0m15:02:44.954399 [debug] [Thread-3 (]: On model.teachable_gmv.stg_purchase: /* {"app": "dbt", "dbt_version": "1.10.19", "profile_name": "teachable_gmv", "target_name": "dev", "node_id": "model.teachable_gmv.stg_purchase"} */
alter view "teachable"."main_silver"."stg_purchase__dbt_tmp" rename to "stg_purchase"
[0m15:02:44.954756 [debug] [Thread-2 (]: SQL status: OK in 0.000 seconds
[0m15:02:44.954995 [debug] [Thread-1 (]: SQL status: OK in 0.000 seconds
[0m15:02:44.955185 [debug] [Thread-4 (]: SQL status: OK in 0.001 seconds
[0m15:02:44.956546 [debug] [Thread-2 (]: Using duckdb connection "model.teachable_gmv.stg_product_item"
[0m15:02:44.956738 [debug] [Thread-3 (]: SQL status: OK in 0.002 seconds
[0m15:02:44.958202 [debug] [Thread-1 (]: Using duckdb connection "model.teachable_gmv.stg_order_transaction_cost_hist"
[0m15:02:44.964400 [debug] [Thread-4 (]: On model.teachable_gmv.stg_purchase_extra_info: COMMIT
[0m15:02:44.964612 [debug] [Thread-2 (]: On model.teachable_gmv.stg_product_item: /* {"app": "dbt", "dbt_version": "1.10.19", "profile_name": "teachable_gmv", "target_name": "dev", "node_id": "model.teachable_gmv.stg_product_item"} */
alter view "teachable"."main_silver"."stg_product_item__dbt_tmp" rename to "stg_product_item"
[0m15:02:44.965342 [debug] [Thread-3 (]: On model.teachable_gmv.stg_purchase: COMMIT
[0m15:02:44.965524 [debug] [Thread-1 (]: On model.teachable_gmv.stg_order_transaction_cost_hist: /* {"app": "dbt", "dbt_version": "1.10.19", "profile_name": "teachable_gmv", "target_name": "dev", "node_id": "model.teachable_gmv.stg_order_transaction_cost_hist"} */
alter view "teachable"."main_silver"."stg_order_transaction_cost_hist__dbt_tmp" rename to "stg_order_transaction_cost_hist"
[0m15:02:44.965700 [debug] [Thread-4 (]: Using duckdb connection "model.teachable_gmv.stg_purchase_extra_info"
[0m15:02:44.965935 [debug] [Thread-3 (]: Using duckdb connection "model.teachable_gmv.stg_purchase"
[0m15:02:44.966226 [debug] [Thread-2 (]: SQL status: OK in 0.000 seconds
[0m15:02:44.966421 [debug] [Thread-4 (]: On model.teachable_gmv.stg_purchase_extra_info: COMMIT
[0m15:02:44.966596 [debug] [Thread-1 (]: SQL status: OK in 0.000 seconds
[0m15:02:44.966756 [debug] [Thread-3 (]: On model.teachable_gmv.stg_purchase: COMMIT
[0m15:02:44.967457 [debug] [Thread-2 (]: On model.teachable_gmv.stg_product_item: COMMIT
[0m15:02:44.968268 [debug] [Thread-1 (]: On model.teachable_gmv.stg_order_transaction_cost_hist: COMMIT
[0m15:02:44.968502 [debug] [Thread-2 (]: Using duckdb connection "model.teachable_gmv.stg_product_item"
[0m15:02:44.968670 [debug] [Thread-4 (]: SQL status: OK in 0.001 seconds
[0m15:02:44.968867 [debug] [Thread-1 (]: Using duckdb connection "model.teachable_gmv.stg_order_transaction_cost_hist"
[0m15:02:44.969021 [debug] [Thread-3 (]: SQL status: OK in 0.001 seconds
[0m15:02:44.969179 [debug] [Thread-2 (]: On model.teachable_gmv.stg_product_item: COMMIT
[0m15:02:44.971872 [debug] [Thread-4 (]: Using duckdb connection "model.teachable_gmv.stg_purchase_extra_info"
[0m15:02:44.972066 [debug] [Thread-1 (]: On model.teachable_gmv.stg_order_transaction_cost_hist: COMMIT
[0m15:02:44.973343 [debug] [Thread-3 (]: Using duckdb connection "model.teachable_gmv.stg_purchase"
[0m15:02:44.973581 [debug] [Thread-4 (]: On model.teachable_gmv.stg_purchase_extra_info: /* {"app": "dbt", "dbt_version": "1.10.19", "profile_name": "teachable_gmv", "target_name": "dev", "node_id": "model.teachable_gmv.stg_purchase_extra_info"} */

      drop view if exists "teachable"."main_silver"."stg_purchase_extra_info__dbt_backup" cascade
    
[0m15:02:44.973800 [debug] [Thread-2 (]: SQL status: OK in 0.000 seconds
[0m15:02:44.973985 [debug] [Thread-3 (]: On model.teachable_gmv.stg_purchase: /* {"app": "dbt", "dbt_version": "1.10.19", "profile_name": "teachable_gmv", "target_name": "dev", "node_id": "model.teachable_gmv.stg_purchase"} */

      drop view if exists "teachable"."main_silver"."stg_purchase__dbt_backup" cascade
    
[0m15:02:44.974214 [debug] [Thread-1 (]: SQL status: OK in 0.000 seconds
[0m15:02:44.975288 [debug] [Thread-2 (]: Using duckdb connection "model.teachable_gmv.stg_product_item"
[0m15:02:44.975514 [debug] [Thread-4 (]: SQL status: OK in 0.001 seconds
[0m15:02:44.976670 [debug] [Thread-1 (]: Using duckdb connection "model.teachable_gmv.stg_order_transaction_cost_hist"
[0m15:02:44.976861 [debug] [Thread-2 (]: On model.teachable_gmv.stg_product_item: /* {"app": "dbt", "dbt_version": "1.10.19", "profile_name": "teachable_gmv", "target_name": "dev", "node_id": "model.teachable_gmv.stg_product_item"} */

      drop view if exists "teachable"."main_silver"."stg_product_item__dbt_backup" cascade
    
[0m15:02:44.977034 [debug] [Thread-3 (]: SQL status: OK in 0.002 seconds
[0m15:02:44.978213 [debug] [Thread-4 (]: On model.teachable_gmv.stg_purchase_extra_info: Close
[0m15:02:44.978405 [debug] [Thread-1 (]: On model.teachable_gmv.stg_order_transaction_cost_hist: /* {"app": "dbt", "dbt_version": "1.10.19", "profile_name": "teachable_gmv", "target_name": "dev", "node_id": "model.teachable_gmv.stg_order_transaction_cost_hist"} */

      drop view if exists "teachable"."main_silver"."stg_order_transaction_cost_hist__dbt_backup" cascade
    
[0m15:02:44.979098 [debug] [Thread-3 (]: On model.teachable_gmv.stg_purchase: Close
[0m15:02:44.979601 [debug] [Thread-2 (]: SQL status: OK in 0.001 seconds
[0m15:02:44.980350 [debug] [Thread-1 (]: SQL status: OK in 0.000 seconds
[0m15:02:44.980996 [debug] [Thread-2 (]: On model.teachable_gmv.stg_product_item: Close
[0m15:02:44.981615 [debug] [Thread-1 (]: On model.teachable_gmv.stg_order_transaction_cost_hist: Close
[0m15:02:44.981812 [debug] [Thread-4 (]: Sending event: {'category': 'dbt', 'action': 'run_model', 'label': '2089ae92-51a6-423e-a485-35e20734a763', 'context': [<snowplow_tracker.self_describing_json.SelfDescribingJson object at 0x107de3a10>]}
[0m15:02:44.981978 [debug] [Thread-3 (]: Sending event: {'category': 'dbt', 'action': 'run_model', 'label': '2089ae92-51a6-423e-a485-35e20734a763', 'context': [<snowplow_tracker.self_describing_json.SelfDescribingJson object at 0x109620520>]}
[0m15:02:44.982194 [debug] [Thread-2 (]: Sending event: {'category': 'dbt', 'action': 'run_model', 'label': '2089ae92-51a6-423e-a485-35e20734a763', 'context': [<snowplow_tracker.self_describing_json.SelfDescribingJson object at 0x109620260>]}
[0m15:02:44.982427 [debug] [Thread-1 (]: Sending event: {'category': 'dbt', 'action': 'run_model', 'label': '2089ae92-51a6-423e-a485-35e20734a763', 'context': [<snowplow_tracker.self_describing_json.SelfDescribingJson object at 0x1093a7ed0>]}
[0m15:02:44.982739 [info ] [Thread-4 (]: 4 of 5 OK created sql view model main_silver.stg_purchase_extra_info ........... [[32mOK[0m in 0.12s]
[0m15:02:44.983003 [info ] [Thread-3 (]: 3 of 5 OK created sql view model main_silver.stg_purchase ...................... [[32mOK[0m in 0.12s]
[0m15:02:44.983806 [debug] [Thread-4 (]: Finished running node model.teachable_gmv.stg_purchase_extra_info
[0m15:02:44.983279 [info ] [Thread-2 (]: 2 of 5 OK created sql view model main_silver.stg_product_item .................. [[32mOK[0m in 0.12s]
[0m15:02:44.983530 [info ] [Thread-1 (]: 1 of 5 OK created sql view model main_silver.stg_order_transaction_cost_hist ... [[32mOK[0m in 0.12s]
[0m15:02:44.984128 [debug] [Thread-3 (]: Finished running node model.teachable_gmv.stg_purchase
[0m15:02:44.984430 [debug] [Thread-2 (]: Finished running node model.teachable_gmv.stg_product_item
[0m15:02:44.984663 [debug] [Thread-1 (]: Finished running node model.teachable_gmv.stg_order_transaction_cost_hist
[0m15:02:44.984980 [debug] [Thread-4 (]: Began running node model.teachable_gmv.int_purchase_enriched
[0m15:02:44.985194 [info ] [Thread-4 (]: 5 of 5 START sql view model main_silver.int_purchase_enriched .................. [RUN]
[0m15:02:44.985389 [debug] [Thread-4 (]: Re-using an available connection from the pool (formerly model.teachable_gmv.stg_purchase_extra_info, now model.teachable_gmv.int_purchase_enriched)
[0m15:02:44.985559 [debug] [Thread-4 (]: Began compiling node model.teachable_gmv.int_purchase_enriched
[0m15:02:44.987449 [debug] [Thread-4 (]: Writing injected SQL for node "model.teachable_gmv.int_purchase_enriched"
[0m15:02:44.987838 [debug] [Thread-4 (]: Began executing node model.teachable_gmv.int_purchase_enriched
[0m15:02:44.989408 [debug] [Thread-4 (]: Writing runtime sql for node "model.teachable_gmv.int_purchase_enriched"
[0m15:02:44.989804 [debug] [Thread-4 (]: Using duckdb connection "model.teachable_gmv.int_purchase_enriched"
[0m15:02:44.990010 [debug] [Thread-4 (]: On model.teachable_gmv.int_purchase_enriched: BEGIN
[0m15:02:44.990187 [debug] [Thread-4 (]: Opening a new connection, currently in state closed
[0m15:02:44.990594 [debug] [Thread-4 (]: SQL status: OK in 0.000 seconds
[0m15:02:44.990768 [debug] [Thread-4 (]: Using duckdb connection "model.teachable_gmv.int_purchase_enriched"
[0m15:02:44.990983 [debug] [Thread-4 (]: On model.teachable_gmv.int_purchase_enriched: /* {"app": "dbt", "dbt_version": "1.10.19", "profile_name": "teachable_gmv", "target_name": "dev", "node_id": "model.teachable_gmv.int_purchase_enriched"} */

  
  create view "teachable"."main_silver"."int_purchase_enriched__dbt_tmp" as (
    

/*
    Intermediate: Purchase Enriched

    Consolida as stagings em uma única visão desnormalizada,
    preparando os dados para a camada gold.

    Joins:
    - stg_purchase (base)
    - stg_product_item (via prod_item_id) -> purchase_value para GMV
    - stg_purchase_extra_info (via purchase_id) -> subsidiary para agrupamento

    Grain: 1 row per purchase_id

    Esta tabela entrega todos os campos necessários para a gold
    calcular GMV por subsidiary sem necessidade de joins adicionais.

    Requisito atendido: "Simple to query by non-expert SQL users (no joins needed)"
*/

with purchase as (
    select * from "teachable"."main_silver"."stg_purchase"
),

product_item as (
    select * from "teachable"."main_silver"."stg_product_item"
),

purchase_extra_info as (
    select * from "teachable"."main_silver"."stg_purchase_extra_info"
),

enriched as (
    select
        -- Identificadores
        p.purchase_id,
        p.buyer_id,
        p.producer_id,
        pi.product_id,

        -- Dimensões temporais
        p.transaction_date,
        p.order_date,
        p.release_date,

        -- Dimensões de negócio
        pei.subsidiary,
        p.purchase_status,

        -- Métricas
        pi.purchase_value,
        pi.item_quantity,

        -- Campos técnicos (para auditoria/debug)
        p.prod_item_id,
        greatest(
            p.transaction_datetime,
            coalesce(pi.transaction_datetime, p.transaction_datetime),
            coalesce(pei.transaction_datetime, p.transaction_datetime)
        ) as last_updated_at

    from purchase p
    left join product_item pi
        on p.prod_item_id = pi.prod_item_id
    left join purchase_extra_info pei
        on p.purchase_id = pei.purchase_id
)

select * from enriched
  );

[0m15:02:44.992377 [debug] [Thread-4 (]: SQL status: OK in 0.001 seconds
[0m15:02:44.994359 [debug] [Thread-4 (]: Using duckdb connection "model.teachable_gmv.int_purchase_enriched"
[0m15:02:44.994566 [debug] [Thread-4 (]: On model.teachable_gmv.int_purchase_enriched: /* {"app": "dbt", "dbt_version": "1.10.19", "profile_name": "teachable_gmv", "target_name": "dev", "node_id": "model.teachable_gmv.int_purchase_enriched"} */
alter view "teachable"."main_silver"."int_purchase_enriched" rename to "int_purchase_enriched__dbt_backup"
[0m15:02:44.995255 [debug] [Thread-4 (]: SQL status: OK in 0.000 seconds
[0m15:02:44.997476 [debug] [Thread-4 (]: Using duckdb connection "model.teachable_gmv.int_purchase_enriched"
[0m15:02:44.997812 [debug] [Thread-4 (]: On model.teachable_gmv.int_purchase_enriched: /* {"app": "dbt", "dbt_version": "1.10.19", "profile_name": "teachable_gmv", "target_name": "dev", "node_id": "model.teachable_gmv.int_purchase_enriched"} */
alter view "teachable"."main_silver"."int_purchase_enriched__dbt_tmp" rename to "int_purchase_enriched"
[0m15:02:44.998473 [debug] [Thread-4 (]: SQL status: OK in 0.000 seconds
[0m15:02:44.999492 [debug] [Thread-4 (]: On model.teachable_gmv.int_purchase_enriched: COMMIT
[0m15:02:44.999717 [debug] [Thread-4 (]: Using duckdb connection "model.teachable_gmv.int_purchase_enriched"
[0m15:02:45.000013 [debug] [Thread-4 (]: On model.teachable_gmv.int_purchase_enriched: COMMIT
[0m15:02:45.000652 [debug] [Thread-4 (]: SQL status: OK in 0.000 seconds
[0m15:02:45.002322 [debug] [Thread-4 (]: Using duckdb connection "model.teachable_gmv.int_purchase_enriched"
[0m15:02:45.002518 [debug] [Thread-4 (]: On model.teachable_gmv.int_purchase_enriched: /* {"app": "dbt", "dbt_version": "1.10.19", "profile_name": "teachable_gmv", "target_name": "dev", "node_id": "model.teachable_gmv.int_purchase_enriched"} */

      drop view if exists "teachable"."main_silver"."int_purchase_enriched__dbt_backup" cascade
    
[0m15:02:45.002980 [debug] [Thread-4 (]: SQL status: OK in 0.000 seconds
[0m15:02:45.003749 [debug] [Thread-4 (]: On model.teachable_gmv.int_purchase_enriched: Close
[0m15:02:45.004047 [debug] [Thread-4 (]: Sending event: {'category': 'dbt', 'action': 'run_model', 'label': '2089ae92-51a6-423e-a485-35e20734a763', 'context': [<snowplow_tracker.self_describing_json.SelfDescribingJson object at 0x109300fa0>]}
[0m15:02:45.004384 [info ] [Thread-4 (]: 5 of 5 OK created sql view model main_silver.int_purchase_enriched ............. [[32mOK[0m in 0.02s]
[0m15:02:45.004663 [debug] [Thread-4 (]: Finished running node model.teachable_gmv.int_purchase_enriched
[0m15:02:45.005400 [debug] [MainThread]: Using duckdb connection "master"
[0m15:02:45.005550 [debug] [MainThread]: On master: BEGIN
[0m15:02:45.005681 [debug] [MainThread]: Opening a new connection, currently in state closed
[0m15:02:45.005999 [debug] [MainThread]: SQL status: OK in 0.000 seconds
[0m15:02:45.006132 [debug] [MainThread]: On master: COMMIT
[0m15:02:45.006261 [debug] [MainThread]: Using duckdb connection "master"
[0m15:02:45.006386 [debug] [MainThread]: On master: COMMIT
[0m15:02:45.006618 [debug] [MainThread]: SQL status: OK in 0.000 seconds
[0m15:02:45.006774 [debug] [MainThread]: On master: Close
[0m15:02:45.006957 [debug] [MainThread]: Connection 'master' was properly closed.
[0m15:02:45.007091 [debug] [MainThread]: Connection 'model.teachable_gmv.stg_order_transaction_cost_hist' was properly closed.
[0m15:02:45.007213 [debug] [MainThread]: Connection 'model.teachable_gmv.stg_purchase' was properly closed.
[0m15:02:45.007334 [debug] [MainThread]: Connection 'model.teachable_gmv.int_purchase_enriched' was properly closed.
[0m15:02:45.007451 [debug] [MainThread]: Connection 'model.teachable_gmv.stg_product_item' was properly closed.
[0m15:02:45.007631 [info ] [MainThread]: 
[0m15:02:45.007781 [info ] [MainThread]: Finished running 5 view models in 0 hours 0 minutes and 0.23 seconds (0.23s).
[0m15:02:45.008350 [debug] [MainThread]: Command end result
[0m15:02:45.031289 [debug] [MainThread]: Wrote artifact WritableManifest to /Users/davidlima/wspace/Teachable-Interview/teachable_davifati_dataengineeringprincipal_technicalcase/dbt_project/target/manifest.json
[0m15:02:45.032456 [debug] [MainThread]: Wrote artifact SemanticManifest to /Users/davidlima/wspace/Teachable-Interview/teachable_davifati_dataengineeringprincipal_technicalcase/dbt_project/target/semantic_manifest.json
[0m15:02:45.036516 [debug] [MainThread]: Wrote artifact RunExecutionResult to /Users/davidlima/wspace/Teachable-Interview/teachable_davifati_dataengineeringprincipal_technicalcase/dbt_project/target/run_results.json
[0m15:02:45.036797 [info ] [MainThread]: 
[0m15:02:45.037011 [info ] [MainThread]: [32mCompleted successfully[0m
[0m15:02:45.037201 [info ] [MainThread]: 
[0m15:02:45.037367 [info ] [MainThread]: Done. PASS=5 WARN=0 ERROR=0 SKIP=0 NO-OP=0 TOTAL=5
[0m15:02:45.039333 [debug] [MainThread]: Resource report: {"command_name": "run", "command_success": true, "command_wall_clock_time": 0.8138186, "process_in_blocks": "0", "process_kernel_time": 0.212668, "process_mem_max_rss": "137986048", "process_out_blocks": "0", "process_user_time": 1.207191}
[0m15:02:45.039588 [debug] [MainThread]: Command `dbt run` succeeded at 15:02:45.039539 after 0.81 seconds
[0m15:02:45.039796 [debug] [MainThread]: Sending event: {'category': 'dbt', 'action': 'invocation', 'label': 'end', 'context': [<snowplow_tracker.self_describing_json.SelfDescribingJson object at 0x10692f110>, <snowplow_tracker.self_describing_json.SelfDescribingJson object at 0x1093c39b0>, <snowplow_tracker.self_describing_json.SelfDescribingJson object at 0x1093c3950>]}
[0m15:02:45.039993 [debug] [MainThread]: Flushing usage events
[0m15:02:45.617967 [debug] [MainThread]: An error was encountered while trying to flush usage events
[0m15:06:36.763309 [debug] [MainThread]: Sending event: {'category': 'dbt', 'action': 'invocation', 'label': 'start', 'context': [<snowplow_tracker.self_describing_json.SelfDescribingJson object at 0x1043cc1a0>, <snowplow_tracker.self_describing_json.SelfDescribingJson object at 0x10521bb10>, <snowplow_tracker.self_describing_json.SelfDescribingJson object at 0x10521bc50>]}


============================== 15:06:36.766663 | d5b3f948-9ef1-46ce-8f08-72d1ff11e0cc ==============================
[0m15:06:36.766663 [info ] [MainThread]: Running with dbt=1.10.19
[0m15:06:36.767041 [debug] [MainThread]: running dbt with arguments {'no_print': 'None', 'empty': 'False', 'indirect_selection': 'eager', 'debug': 'False', 'log_path': '/Users/davidlima/wspace/Teachable-Interview/teachable_davifati_dataengineeringprincipal_technicalcase/dbt_project/logs', 'invocation_command': 'dbt run --profiles-dir .', 'version_check': 'True', 'warn_error_options': 'WarnErrorOptionsV2(error=[], warn=[], silence=[])', 'log_format': 'default', 'fail_fast': 'False', 'write_json': 'True', 'introspect': 'True', 'profiles_dir': '.', 'use_experimental_parser': 'False', 'warn_error': 'None', 'cache_selected_only': 'False', 'quiet': 'False', 'static_parser': 'True', 'use_colors': 'True', 'target_path': 'None', 'send_anonymous_usage_stats': 'True', 'partial_parse': 'True', 'log_cache_events': 'False', 'printer_width': '80'}
[0m15:06:36.925723 [debug] [MainThread]: Sending event: {'category': 'dbt', 'action': 'project_id', 'label': 'd5b3f948-9ef1-46ce-8f08-72d1ff11e0cc', 'context': [<snowplow_tracker.self_describing_json.SelfDescribingJson object at 0x10458c050>]}
[0m15:06:36.957876 [debug] [MainThread]: Sending event: {'category': 'dbt', 'action': 'adapter_info', 'label': 'd5b3f948-9ef1-46ce-8f08-72d1ff11e0cc', 'context': [<snowplow_tracker.self_describing_json.SelfDescribingJson object at 0x1050e3df0>]}
[0m15:06:36.959552 [info ] [MainThread]: Registered adapter: duckdb=1.10.0
[0m15:06:37.020437 [debug] [MainThread]: checksum: c35ba6d374a0901ceb00688d5179d5550885e1756283b03e5e81c28e0d8d2248, vars: {}, profile: , target: , version: 1.10.19
[0m15:06:37.095346 [debug] [MainThread]: Partial parsing enabled: 0 files deleted, 1 files added, 0 files changed.
[0m15:06:37.095669 [debug] [MainThread]: Partial parsing: added file: teachable_gmv://macros/get_custom_schema.sql
[0m15:06:37.097058 [info ] [MainThread]: Unable to do partial parsing because change detected to override macro. Starting full parse.
[0m15:06:37.690909 [warn ] [MainThread]: [[33mWARNING[0m]: Configuration paths exist in your dbt_project.yml file which do not apply to any resources.
There are 1 unused configuration paths:
- models.teachable_gmv.gold
[0m15:06:37.697997 [debug] [MainThread]: Sending event: {'category': 'dbt', 'action': 'load_project', 'label': 'd5b3f948-9ef1-46ce-8f08-72d1ff11e0cc', 'context': [<snowplow_tracker.self_describing_json.SelfDescribingJson object at 0x1057e0450>]}
[0m15:06:37.740020 [debug] [MainThread]: Wrote artifact WritableManifest to /Users/davidlima/wspace/Teachable-Interview/teachable_davifati_dataengineeringprincipal_technicalcase/dbt_project/target/manifest.json
[0m15:06:37.741268 [debug] [MainThread]: Wrote artifact SemanticManifest to /Users/davidlima/wspace/Teachable-Interview/teachable_davifati_dataengineeringprincipal_technicalcase/dbt_project/target/semantic_manifest.json
[0m15:06:37.754080 [debug] [MainThread]: Sending event: {'category': 'dbt', 'action': 'resource_counts', 'label': 'd5b3f948-9ef1-46ce-8f08-72d1ff11e0cc', 'context': [<snowplow_tracker.self_describing_json.SelfDescribingJson object at 0x105540050>]}
[0m15:06:37.754386 [info ] [MainThread]: Found 5 models, 4 sources, 473 macros
[0m15:06:37.754616 [debug] [MainThread]: Sending event: {'category': 'dbt', 'action': 'runnable_timing', 'label': 'd5b3f948-9ef1-46ce-8f08-72d1ff11e0cc', 'context': [<snowplow_tracker.self_describing_json.SelfDescribingJson object at 0x105a07bd0>]}
[0m15:06:37.755719 [info ] [MainThread]: 
[0m15:06:37.755913 [info ] [MainThread]: Concurrency: 4 threads (target='dev')
[0m15:06:37.756059 [info ] [MainThread]: 
[0m15:06:37.756300 [debug] [MainThread]: Acquiring new duckdb connection 'master'
[0m15:06:37.758847 [debug] [ThreadPool]: Acquiring new duckdb connection 'list_teachable'
[0m15:06:37.792608 [debug] [ThreadPool]: Using duckdb connection "list_teachable"
[0m15:06:37.792852 [debug] [ThreadPool]: On list_teachable: /* {"app": "dbt", "dbt_version": "1.10.19", "profile_name": "teachable_gmv", "target_name": "dev", "connection_name": "list_teachable"} */

    
    select schema_name
    from system.information_schema.schemata
    
    where lower(catalog_name) = '"teachable"'
    
  
  
[0m15:06:37.793016 [debug] [ThreadPool]: Opening a new connection, currently in state init
[0m15:06:37.801216 [debug] [ThreadPool]: SQL status: OK in 0.008 seconds
[0m15:06:37.802001 [debug] [ThreadPool]: On list_teachable: Close
[0m15:06:37.802351 [debug] [ThreadPool]: Re-using an available connection from the pool (formerly list_teachable, now create_teachable_silver)
[0m15:06:37.802573 [debug] [ThreadPool]: Creating schema "database: "teachable"
schema: "silver"
"
[0m15:06:37.805944 [debug] [ThreadPool]: Using duckdb connection "create_teachable_silver"
[0m15:06:37.806121 [debug] [ThreadPool]: On create_teachable_silver: /* {"app": "dbt", "dbt_version": "1.10.19", "profile_name": "teachable_gmv", "target_name": "dev", "connection_name": "create_teachable_silver"} */

    
        select type from duckdb_databases()
        where lower(database_name)='teachable'
        and type='sqlite'
    
  
[0m15:06:37.806262 [debug] [ThreadPool]: Opening a new connection, currently in state closed
[0m15:06:37.806789 [debug] [ThreadPool]: SQL status: OK in 0.000 seconds
[0m15:06:37.807504 [debug] [ThreadPool]: Using duckdb connection "create_teachable_silver"
[0m15:06:37.807664 [debug] [ThreadPool]: On create_teachable_silver: BEGIN
[0m15:06:37.807934 [debug] [ThreadPool]: SQL status: OK in 0.000 seconds
[0m15:06:37.808072 [debug] [ThreadPool]: Using duckdb connection "create_teachable_silver"
[0m15:06:37.808205 [debug] [ThreadPool]: On create_teachable_silver: /* {"app": "dbt", "dbt_version": "1.10.19", "profile_name": "teachable_gmv", "target_name": "dev", "connection_name": "create_teachable_silver"} */

    
    
        create schema if not exists "teachable"."silver"
    
[0m15:06:37.808455 [debug] [ThreadPool]: SQL status: OK in 0.000 seconds
[0m15:06:37.808864 [debug] [ThreadPool]: On create_teachable_silver: COMMIT
[0m15:06:37.809007 [debug] [ThreadPool]: Using duckdb connection "create_teachable_silver"
[0m15:06:37.809130 [debug] [ThreadPool]: On create_teachable_silver: COMMIT
[0m15:06:37.809572 [debug] [ThreadPool]: SQL status: OK in 0.000 seconds
[0m15:06:37.809705 [debug] [ThreadPool]: On create_teachable_silver: Close
[0m15:06:37.810363 [debug] [ThreadPool]: Re-using an available connection from the pool (formerly create_teachable_silver, now list_teachable_silver)
[0m15:06:37.813114 [debug] [ThreadPool]: Using duckdb connection "list_teachable_silver"
[0m15:06:37.813289 [debug] [ThreadPool]: On list_teachable_silver: BEGIN
[0m15:06:37.813764 [debug] [ThreadPool]: Opening a new connection, currently in state closed
[0m15:06:37.814059 [debug] [ThreadPool]: SQL status: OK in 0.000 seconds
[0m15:06:37.814202 [debug] [ThreadPool]: Using duckdb connection "list_teachable_silver"
[0m15:06:37.814346 [debug] [ThreadPool]: On list_teachable_silver: /* {"app": "dbt", "dbt_version": "1.10.19", "profile_name": "teachable_gmv", "target_name": "dev", "connection_name": "list_teachable_silver"} */
select
      'teachable' as database,
      table_name as name,
      table_schema as schema,
      CASE table_type
        WHEN 'BASE TABLE' THEN 'table'
        WHEN 'VIEW' THEN 'view'
        WHEN 'LOCAL TEMPORARY' THEN 'table'
        END as type
    from system.information_schema.tables
    where lower(table_schema) = 'silver'
    and lower(table_catalog) = 'teachable'
  
[0m15:06:37.822073 [debug] [ThreadPool]: SQL status: OK in 0.008 seconds
[0m15:06:37.822771 [debug] [ThreadPool]: On list_teachable_silver: ROLLBACK
[0m15:06:37.823611 [debug] [ThreadPool]: Failed to rollback 'list_teachable_silver'
[0m15:06:37.823776 [debug] [ThreadPool]: On list_teachable_silver: Close
[0m15:06:37.824054 [debug] [MainThread]: Sending event: {'category': 'dbt', 'action': 'runnable_timing', 'label': 'd5b3f948-9ef1-46ce-8f08-72d1ff11e0cc', 'context': [<snowplow_tracker.self_describing_json.SelfDescribingJson object at 0x105691bf0>]}
[0m15:06:37.824300 [debug] [MainThread]: Using duckdb connection "master"
[0m15:06:37.824453 [debug] [MainThread]: On master: BEGIN
[0m15:06:37.824590 [debug] [MainThread]: Opening a new connection, currently in state init
[0m15:06:37.824863 [debug] [MainThread]: SQL status: OK in 0.000 seconds
[0m15:06:37.824997 [debug] [MainThread]: On master: COMMIT
[0m15:06:37.825128 [debug] [MainThread]: Using duckdb connection "master"
[0m15:06:37.825251 [debug] [MainThread]: On master: COMMIT
[0m15:06:37.825461 [debug] [MainThread]: SQL status: OK in 0.000 seconds
[0m15:06:37.825600 [debug] [MainThread]: On master: Close
[0m15:06:37.827193 [debug] [Thread-3 (]: Began running node model.teachable_gmv.stg_purchase
[0m15:06:37.827670 [debug] [Thread-4 (]: Began running node model.teachable_gmv.stg_purchase_extra_info
[0m15:06:37.827865 [debug] [Thread-1 (]: Began running node model.teachable_gmv.stg_order_transaction_cost_hist
[0m15:06:37.827498 [info ] [Thread-3 (]: 3 of 5 START sql view model silver.stg_purchase ................................ [RUN]
[0m15:06:37.828083 [debug] [Thread-2 (]: Began running node model.teachable_gmv.stg_product_item
[0m15:06:37.828300 [info ] [Thread-4 (]: 4 of 5 START sql view model silver.stg_purchase_extra_info ..................... [RUN]
[0m15:06:37.828782 [debug] [Thread-3 (]: Acquiring new duckdb connection 'model.teachable_gmv.stg_purchase'
[0m15:06:37.828517 [info ] [Thread-1 (]: 1 of 5 START sql view model silver.stg_order_transaction_cost_hist ............. [RUN]
[0m15:06:37.829043 [info ] [Thread-2 (]: 2 of 5 START sql view model silver.stg_product_item ............................ [RUN]
[0m15:06:37.829284 [debug] [Thread-4 (]: Acquiring new duckdb connection 'model.teachable_gmv.stg_purchase_extra_info'
[0m15:06:37.829456 [debug] [Thread-3 (]: Began compiling node model.teachable_gmv.stg_purchase
[0m15:06:37.829631 [debug] [Thread-1 (]: Re-using an available connection from the pool (formerly list_teachable_silver, now model.teachable_gmv.stg_order_transaction_cost_hist)
[0m15:06:37.829848 [debug] [Thread-2 (]: Acquiring new duckdb connection 'model.teachable_gmv.stg_product_item'
[0m15:06:37.830017 [debug] [Thread-4 (]: Began compiling node model.teachable_gmv.stg_purchase_extra_info
[0m15:06:37.834095 [debug] [Thread-3 (]: Writing injected SQL for node "model.teachable_gmv.stg_purchase"
[0m15:06:37.834382 [debug] [Thread-1 (]: Began compiling node model.teachable_gmv.stg_order_transaction_cost_hist
[0m15:06:37.834611 [debug] [Thread-2 (]: Began compiling node model.teachable_gmv.stg_product_item
[0m15:06:37.836401 [debug] [Thread-4 (]: Writing injected SQL for node "model.teachable_gmv.stg_purchase_extra_info"
[0m15:06:37.837968 [debug] [Thread-1 (]: Writing injected SQL for node "model.teachable_gmv.stg_order_transaction_cost_hist"
[0m15:06:37.840017 [debug] [Thread-2 (]: Writing injected SQL for node "model.teachable_gmv.stg_product_item"
[0m15:06:37.840508 [debug] [Thread-3 (]: Began executing node model.teachable_gmv.stg_purchase
[0m15:06:37.853337 [debug] [Thread-1 (]: Began executing node model.teachable_gmv.stg_order_transaction_cost_hist
[0m15:06:37.861267 [debug] [Thread-1 (]: Writing runtime sql for node "model.teachable_gmv.stg_order_transaction_cost_hist"
[0m15:06:37.862210 [debug] [Thread-3 (]: Writing runtime sql for node "model.teachable_gmv.stg_purchase"
[0m15:06:37.862474 [debug] [Thread-2 (]: Began executing node model.teachable_gmv.stg_product_item
[0m15:06:37.862664 [debug] [Thread-4 (]: Began executing node model.teachable_gmv.stg_purchase_extra_info
[0m15:06:37.864174 [debug] [Thread-2 (]: Writing runtime sql for node "model.teachable_gmv.stg_product_item"
[0m15:06:37.865591 [debug] [Thread-4 (]: Writing runtime sql for node "model.teachable_gmv.stg_purchase_extra_info"
[0m15:06:37.866050 [debug] [Thread-3 (]: Using duckdb connection "model.teachable_gmv.stg_purchase"
[0m15:06:37.866464 [debug] [Thread-3 (]: On model.teachable_gmv.stg_purchase: BEGIN
[0m15:06:37.866666 [debug] [Thread-3 (]: Opening a new connection, currently in state init
[0m15:06:37.867022 [debug] [Thread-1 (]: Using duckdb connection "model.teachable_gmv.stg_order_transaction_cost_hist"
[0m15:06:37.867216 [debug] [Thread-1 (]: On model.teachable_gmv.stg_order_transaction_cost_hist: BEGIN
[0m15:06:37.867398 [debug] [Thread-3 (]: SQL status: OK in 0.001 seconds
[0m15:06:37.867588 [debug] [Thread-2 (]: Using duckdb connection "model.teachable_gmv.stg_product_item"
[0m15:06:37.867764 [debug] [Thread-1 (]: Opening a new connection, currently in state closed
[0m15:06:37.867941 [debug] [Thread-4 (]: Using duckdb connection "model.teachable_gmv.stg_purchase_extra_info"
[0m15:06:37.868119 [debug] [Thread-3 (]: Using duckdb connection "model.teachable_gmv.stg_purchase"
[0m15:06:37.868296 [debug] [Thread-2 (]: On model.teachable_gmv.stg_product_item: BEGIN
[0m15:06:37.868554 [debug] [Thread-4 (]: On model.teachable_gmv.stg_purchase_extra_info: BEGIN
[0m15:06:37.868753 [debug] [Thread-3 (]: On model.teachable_gmv.stg_purchase: /* {"app": "dbt", "dbt_version": "1.10.19", "profile_name": "teachable_gmv", "target_name": "dev", "node_id": "model.teachable_gmv.stg_purchase"} */

  
  create view "teachable"."silver"."stg_purchase__dbt_tmp" as (
    

/*
    Staging: Purchase

    Deduplicação CDC: mantém apenas a última versão de cada purchase_id
    baseado em transaction_datetime.

    Fonte: raw.purchase (eventos CDC)
    Grain: 1 row per purchase_id
*/

with source as (
    select * from "teachable"."raw"."purchase"
),

deduplicated as (
    select
        purchase_id,
        buyer_id,
        prod_item_id,
        order_date,
        release_date,
        producer_id,
        purchase_partition,
        prod_item_partition,
        purchase_total_value,
        purchase_status,
        transaction_datetime,
        transaction_date
    from source
    qualify row_number() over (
        partition by purchase_id
        order by transaction_datetime desc
    ) = 1
)

select * from deduplicated
  );

[0m15:06:37.868952 [debug] [Thread-1 (]: SQL status: OK in 0.001 seconds
[0m15:06:37.869108 [debug] [Thread-2 (]: Opening a new connection, currently in state init
[0m15:06:37.869272 [debug] [Thread-4 (]: Opening a new connection, currently in state init
[0m15:06:37.869550 [debug] [Thread-1 (]: Using duckdb connection "model.teachable_gmv.stg_order_transaction_cost_hist"
[0m15:06:37.869896 [debug] [Thread-2 (]: SQL status: OK in 0.001 seconds
[0m15:06:37.870094 [debug] [Thread-1 (]: On model.teachable_gmv.stg_order_transaction_cost_hist: /* {"app": "dbt", "dbt_version": "1.10.19", "profile_name": "teachable_gmv", "target_name": "dev", "node_id": "model.teachable_gmv.stg_order_transaction_cost_hist"} */

  
  create view "teachable"."silver"."stg_order_transaction_cost_hist__dbt_tmp" as (
    

/*
    Staging: Order Transaction Cost History

    Deduplicação CDC: mantém apenas a última versão de cada purchase_id
    baseado em transaction_datetime.

    Fonte: raw.order_transaction_cost_hist (eventos CDC)
    Grain: 1 row per purchase_id

    Nota: Esta tabela contém custos (VAT, installment) que não são usados
    no cálculo de GMV, mas estão disponíveis para evolução futura
    (ex: reconciliação com Finance).
*/

with source as (
    select * from "teachable"."raw"."order_transaction_cost_hist"
),

deduplicated as (
    select
        purchase_id,
        purchase_partition,
        order_transaction_cost_vat_value,
        order_transaction_cost_installment_value,
        order_transaction_cost_date,
        transaction_datetime,
        transaction_date
    from source
    qualify row_number() over (
        partition by purchase_id
        order by transaction_datetime desc
    ) = 1
)

select * from deduplicated
  );

[0m15:06:37.870297 [debug] [Thread-4 (]: SQL status: OK in 0.001 seconds
[0m15:06:37.870459 [debug] [Thread-2 (]: Using duckdb connection "model.teachable_gmv.stg_product_item"
[0m15:06:37.870624 [debug] [Thread-3 (]: SQL status: OK in 0.001 seconds
[0m15:06:37.870861 [debug] [Thread-4 (]: Using duckdb connection "model.teachable_gmv.stg_purchase_extra_info"
[0m15:06:37.871057 [debug] [Thread-2 (]: On model.teachable_gmv.stg_product_item: /* {"app": "dbt", "dbt_version": "1.10.19", "profile_name": "teachable_gmv", "target_name": "dev", "node_id": "model.teachable_gmv.stg_product_item"} */

  
  create view "teachable"."silver"."stg_product_item__dbt_tmp" as (
    

/*
    Staging: Product Item

    Deduplicação CDC: mantém apenas a última versão de cada prod_item_id
    baseado em transaction_datetime.

    Fonte: raw.product_item (eventos CDC)
    Grain: 1 row per prod_item_id

    Nota: purchase_value é o campo usado para cálculo de GMV
*/

with source as (
    select * from "teachable"."raw"."product_item"
),

deduplicated as (
    select
        prod_item_id,
        prod_item_partition,
        product_id,
        item_quantity,
        purchase_value,
        transaction_datetime,
        transaction_date
    from source
    qualify row_number() over (
        partition by prod_item_id
        order by transaction_datetime desc
    ) = 1
)

select * from deduplicated
  );

[0m15:06:37.874225 [debug] [Thread-3 (]: Using duckdb connection "model.teachable_gmv.stg_purchase"
[0m15:06:37.874459 [debug] [Thread-4 (]: On model.teachable_gmv.stg_purchase_extra_info: /* {"app": "dbt", "dbt_version": "1.10.19", "profile_name": "teachable_gmv", "target_name": "dev", "node_id": "model.teachable_gmv.stg_purchase_extra_info"} */

  
  create view "teachable"."silver"."stg_purchase_extra_info__dbt_tmp" as (
    

/*
    Staging: Purchase Extra Info

    Deduplicação CDC: mantém apenas a última versão de cada purchase_id
    baseado em transaction_datetime.

    Fonte: raw.purchase_extra_info (eventos CDC)
    Grain: 1 row per purchase_id

    Nota: subsidiary é a dimensão chave para agrupamento de GMV
*/

with source as (
    select * from "teachable"."raw"."purchase_extra_info"
),

deduplicated as (
    select
        purchase_id,
        purchase_partition,
        subsidiary,
        transaction_datetime,
        transaction_date
    from source
    qualify row_number() over (
        partition by purchase_id
        order by transaction_datetime desc
    ) = 1
)

select * from deduplicated
  );

[0m15:06:37.874666 [debug] [Thread-1 (]: SQL status: OK in 0.004 seconds
[0m15:06:37.874974 [debug] [Thread-3 (]: On model.teachable_gmv.stg_purchase: /* {"app": "dbt", "dbt_version": "1.10.19", "profile_name": "teachable_gmv", "target_name": "dev", "node_id": "model.teachable_gmv.stg_purchase"} */
alter view "teachable"."silver"."stg_purchase__dbt_tmp" rename to "stg_purchase"
[0m15:06:37.876433 [debug] [Thread-1 (]: Using duckdb connection "model.teachable_gmv.stg_order_transaction_cost_hist"
[0m15:06:37.876631 [debug] [Thread-2 (]: SQL status: OK in 0.002 seconds
[0m15:06:37.877077 [debug] [Thread-1 (]: On model.teachable_gmv.stg_order_transaction_cost_hist: /* {"app": "dbt", "dbt_version": "1.10.19", "profile_name": "teachable_gmv", "target_name": "dev", "node_id": "model.teachable_gmv.stg_order_transaction_cost_hist"} */
alter view "teachable"."silver"."stg_order_transaction_cost_hist__dbt_tmp" rename to "stg_order_transaction_cost_hist"
[0m15:06:37.878522 [debug] [Thread-2 (]: Using duckdb connection "model.teachable_gmv.stg_product_item"
[0m15:06:37.878726 [debug] [Thread-4 (]: SQL status: OK in 0.004 seconds
[0m15:06:37.878891 [debug] [Thread-3 (]: SQL status: OK in 0.002 seconds
[0m15:06:37.879095 [debug] [Thread-2 (]: On model.teachable_gmv.stg_product_item: /* {"app": "dbt", "dbt_version": "1.10.19", "profile_name": "teachable_gmv", "target_name": "dev", "node_id": "model.teachable_gmv.stg_product_item"} */
alter view "teachable"."silver"."stg_product_item__dbt_tmp" rename to "stg_product_item"
[0m15:06:37.880388 [debug] [Thread-4 (]: Using duckdb connection "model.teachable_gmv.stg_purchase_extra_info"
[0m15:06:37.880584 [debug] [Thread-1 (]: SQL status: OK in 0.002 seconds
[0m15:06:37.885714 [debug] [Thread-3 (]: On model.teachable_gmv.stg_purchase: COMMIT
[0m15:06:37.886021 [debug] [Thread-4 (]: On model.teachable_gmv.stg_purchase_extra_info: /* {"app": "dbt", "dbt_version": "1.10.19", "profile_name": "teachable_gmv", "target_name": "dev", "node_id": "model.teachable_gmv.stg_purchase_extra_info"} */
alter view "teachable"."silver"."stg_purchase_extra_info__dbt_tmp" rename to "stg_purchase_extra_info"
[0m15:06:37.886649 [debug] [Thread-1 (]: On model.teachable_gmv.stg_order_transaction_cost_hist: COMMIT
[0m15:06:37.886840 [debug] [Thread-3 (]: Using duckdb connection "model.teachable_gmv.stg_purchase"
[0m15:06:37.887008 [debug] [Thread-2 (]: SQL status: OK in 0.001 seconds
[0m15:06:37.887248 [debug] [Thread-1 (]: Using duckdb connection "model.teachable_gmv.stg_order_transaction_cost_hist"
[0m15:06:37.887421 [debug] [Thread-3 (]: On model.teachable_gmv.stg_purchase: COMMIT
[0m15:06:37.887586 [debug] [Thread-4 (]: SQL status: OK in 0.000 seconds
[0m15:06:37.888141 [debug] [Thread-2 (]: On model.teachable_gmv.stg_product_item: COMMIT
[0m15:06:37.888366 [debug] [Thread-1 (]: On model.teachable_gmv.stg_order_transaction_cost_hist: COMMIT
[0m15:06:37.889095 [debug] [Thread-4 (]: On model.teachable_gmv.stg_purchase_extra_info: COMMIT
[0m15:06:37.889306 [debug] [Thread-3 (]: SQL status: OK in 0.001 seconds
[0m15:06:37.889477 [debug] [Thread-2 (]: Using duckdb connection "model.teachable_gmv.stg_product_item"
[0m15:06:37.889719 [debug] [Thread-4 (]: Using duckdb connection "model.teachable_gmv.stg_purchase_extra_info"
[0m15:06:37.892643 [debug] [Thread-3 (]: Using duckdb connection "model.teachable_gmv.stg_purchase"
[0m15:06:37.892827 [debug] [Thread-1 (]: SQL status: OK in 0.003 seconds
[0m15:06:37.893011 [debug] [Thread-2 (]: On model.teachable_gmv.stg_product_item: COMMIT
[0m15:06:37.893195 [debug] [Thread-4 (]: On model.teachable_gmv.stg_purchase_extra_info: COMMIT
[0m15:06:37.893371 [debug] [Thread-3 (]: On model.teachable_gmv.stg_purchase: /* {"app": "dbt", "dbt_version": "1.10.19", "profile_name": "teachable_gmv", "target_name": "dev", "node_id": "model.teachable_gmv.stg_purchase"} */

      drop view if exists "teachable"."silver"."stg_purchase__dbt_backup" cascade
    
[0m15:06:37.894359 [debug] [Thread-1 (]: Using duckdb connection "model.teachable_gmv.stg_order_transaction_cost_hist"
[0m15:06:37.894853 [debug] [Thread-1 (]: On model.teachable_gmv.stg_order_transaction_cost_hist: /* {"app": "dbt", "dbt_version": "1.10.19", "profile_name": "teachable_gmv", "target_name": "dev", "node_id": "model.teachable_gmv.stg_order_transaction_cost_hist"} */

      drop view if exists "teachable"."silver"."stg_order_transaction_cost_hist__dbt_backup" cascade
    
[0m15:06:37.895190 [debug] [Thread-2 (]: SQL status: OK in 0.001 seconds
[0m15:06:37.895364 [debug] [Thread-3 (]: SQL status: OK in 0.001 seconds
[0m15:06:37.895533 [debug] [Thread-4 (]: SQL status: OK in 0.001 seconds
[0m15:06:37.896708 [debug] [Thread-2 (]: Using duckdb connection "model.teachable_gmv.stg_product_item"
[0m15:06:37.896879 [debug] [Thread-1 (]: SQL status: OK in 0.002 seconds
[0m15:06:37.898134 [debug] [Thread-3 (]: On model.teachable_gmv.stg_purchase: Close
[0m15:06:37.899098 [debug] [Thread-4 (]: Using duckdb connection "model.teachable_gmv.stg_purchase_extra_info"
[0m15:06:37.899278 [debug] [Thread-2 (]: On model.teachable_gmv.stg_product_item: /* {"app": "dbt", "dbt_version": "1.10.19", "profile_name": "teachable_gmv", "target_name": "dev", "node_id": "model.teachable_gmv.stg_product_item"} */

      drop view if exists "teachable"."silver"."stg_product_item__dbt_backup" cascade
    
[0m15:06:37.899939 [debug] [Thread-1 (]: On model.teachable_gmv.stg_order_transaction_cost_hist: Close
[0m15:06:37.900816 [debug] [Thread-4 (]: On model.teachable_gmv.stg_purchase_extra_info: /* {"app": "dbt", "dbt_version": "1.10.19", "profile_name": "teachable_gmv", "target_name": "dev", "node_id": "model.teachable_gmv.stg_purchase_extra_info"} */

      drop view if exists "teachable"."silver"."stg_purchase_extra_info__dbt_backup" cascade
    
[0m15:06:37.901273 [debug] [Thread-2 (]: SQL status: OK in 0.000 seconds
[0m15:06:37.901926 [debug] [Thread-2 (]: On model.teachable_gmv.stg_product_item: Close
[0m15:06:37.902125 [debug] [Thread-3 (]: Sending event: {'category': 'dbt', 'action': 'run_model', 'label': 'd5b3f948-9ef1-46ce-8f08-72d1ff11e0cc', 'context': [<snowplow_tracker.self_describing_json.SelfDescribingJson object at 0x105d50f50>]}
[0m15:06:37.902314 [debug] [Thread-4 (]: SQL status: OK in 0.001 seconds
[0m15:06:37.902473 [debug] [Thread-1 (]: Sending event: {'category': 'dbt', 'action': 'run_model', 'label': 'd5b3f948-9ef1-46ce-8f08-72d1ff11e0cc', 'context': [<snowplow_tracker.self_describing_json.SelfDescribingJson object at 0x105c5cf70>]}
[0m15:06:37.902683 [debug] [Thread-2 (]: Sending event: {'category': 'dbt', 'action': 'run_model', 'label': 'd5b3f948-9ef1-46ce-8f08-72d1ff11e0cc', 'context': [<snowplow_tracker.self_describing_json.SelfDescribingJson object at 0x105c5d0d0>]}
[0m15:06:37.902996 [info ] [Thread-3 (]: 3 of 5 OK created sql view model silver.stg_purchase ........................... [[32mOK[0m in 0.07s]
[0m15:06:37.903728 [debug] [Thread-4 (]: On model.teachable_gmv.stg_purchase_extra_info: Close
[0m15:06:37.904163 [info ] [Thread-1 (]: 1 of 5 OK created sql view model silver.stg_order_transaction_cost_hist ........ [[32mOK[0m in 0.07s]
[0m15:06:37.904749 [debug] [Thread-3 (]: Finished running node model.teachable_gmv.stg_purchase
[0m15:06:37.904503 [info ] [Thread-2 (]: 2 of 5 OK created sql view model silver.stg_product_item ....................... [[32mOK[0m in 0.07s]
[0m15:06:37.905061 [debug] [Thread-4 (]: Sending event: {'category': 'dbt', 'action': 'run_model', 'label': 'd5b3f948-9ef1-46ce-8f08-72d1ff11e0cc', 'context': [<snowplow_tracker.self_describing_json.SelfDescribingJson object at 0x105cf3d50>]}
[0m15:06:37.905317 [debug] [Thread-1 (]: Finished running node model.teachable_gmv.stg_order_transaction_cost_hist
[0m15:06:37.905636 [debug] [Thread-2 (]: Finished running node model.teachable_gmv.stg_product_item
[0m15:06:37.905918 [info ] [Thread-4 (]: 4 of 5 OK created sql view model silver.stg_purchase_extra_info ................ [[32mOK[0m in 0.08s]
[0m15:06:37.906265 [debug] [Thread-4 (]: Finished running node model.teachable_gmv.stg_purchase_extra_info
[0m15:06:37.906591 [debug] [Thread-3 (]: Began running node model.teachable_gmv.int_purchase_enriched
[0m15:06:37.906858 [info ] [Thread-3 (]: 5 of 5 START sql view model silver.int_purchase_enriched ....................... [RUN]
[0m15:06:37.907103 [debug] [Thread-3 (]: Re-using an available connection from the pool (formerly model.teachable_gmv.stg_purchase, now model.teachable_gmv.int_purchase_enriched)
[0m15:06:37.907286 [debug] [Thread-3 (]: Began compiling node model.teachable_gmv.int_purchase_enriched
[0m15:06:37.909192 [debug] [Thread-3 (]: Writing injected SQL for node "model.teachable_gmv.int_purchase_enriched"
[0m15:06:37.909689 [debug] [Thread-3 (]: Began executing node model.teachable_gmv.int_purchase_enriched
[0m15:06:37.911596 [debug] [Thread-3 (]: Writing runtime sql for node "model.teachable_gmv.int_purchase_enriched"
[0m15:06:37.912130 [debug] [Thread-3 (]: Using duckdb connection "model.teachable_gmv.int_purchase_enriched"
[0m15:06:37.912330 [debug] [Thread-3 (]: On model.teachable_gmv.int_purchase_enriched: BEGIN
[0m15:06:37.912498 [debug] [Thread-3 (]: Opening a new connection, currently in state closed
[0m15:06:37.912919 [debug] [Thread-3 (]: SQL status: OK in 0.000 seconds
[0m15:06:37.913127 [debug] [Thread-3 (]: Using duckdb connection "model.teachable_gmv.int_purchase_enriched"
[0m15:06:37.913476 [debug] [Thread-3 (]: On model.teachable_gmv.int_purchase_enriched: /* {"app": "dbt", "dbt_version": "1.10.19", "profile_name": "teachable_gmv", "target_name": "dev", "node_id": "model.teachable_gmv.int_purchase_enriched"} */

  
  create view "teachable"."silver"."int_purchase_enriched__dbt_tmp" as (
    

/*
    Intermediate: Purchase Enriched

    Consolida as stagings em uma única visão desnormalizada,
    preparando os dados para a camada gold.

    Joins:
    - stg_purchase (base)
    - stg_product_item (via prod_item_id) -> purchase_value para GMV
    - stg_purchase_extra_info (via purchase_id) -> subsidiary para agrupamento

    Grain: 1 row per purchase_id

    Esta tabela entrega todos os campos necessários para a gold
    calcular GMV por subsidiary sem necessidade de joins adicionais.

    Requisito atendido: "Simple to query by non-expert SQL users (no joins needed)"
*/

with purchase as (
    select * from "teachable"."silver"."stg_purchase"
),

product_item as (
    select * from "teachable"."silver"."stg_product_item"
),

purchase_extra_info as (
    select * from "teachable"."silver"."stg_purchase_extra_info"
),

enriched as (
    select
        -- Identificadores
        p.purchase_id,
        p.buyer_id,
        p.producer_id,
        pi.product_id,

        -- Dimensões temporais
        p.transaction_date,
        p.order_date,
        p.release_date,

        -- Dimensões de negócio
        pei.subsidiary,
        p.purchase_status,

        -- Métricas
        pi.purchase_value,
        pi.item_quantity,

        -- Campos técnicos (para auditoria/debug)
        p.prod_item_id,
        greatest(
            p.transaction_datetime,
            coalesce(pi.transaction_datetime, p.transaction_datetime),
            coalesce(pei.transaction_datetime, p.transaction_datetime)
        ) as last_updated_at

    from purchase p
    left join product_item pi
        on p.prod_item_id = pi.prod_item_id
    left join purchase_extra_info pei
        on p.purchase_id = pei.purchase_id
)

select * from enriched
  );

[0m15:06:37.915280 [debug] [Thread-3 (]: SQL status: OK in 0.001 seconds
[0m15:06:37.917330 [debug] [Thread-3 (]: Using duckdb connection "model.teachable_gmv.int_purchase_enriched"
[0m15:06:37.917971 [debug] [Thread-3 (]: On model.teachable_gmv.int_purchase_enriched: /* {"app": "dbt", "dbt_version": "1.10.19", "profile_name": "teachable_gmv", "target_name": "dev", "node_id": "model.teachable_gmv.int_purchase_enriched"} */
alter view "teachable"."silver"."int_purchase_enriched__dbt_tmp" rename to "int_purchase_enriched"
[0m15:06:37.918874 [debug] [Thread-3 (]: SQL status: OK in 0.001 seconds
[0m15:06:37.920106 [debug] [Thread-3 (]: On model.teachable_gmv.int_purchase_enriched: COMMIT
[0m15:06:37.920347 [debug] [Thread-3 (]: Using duckdb connection "model.teachable_gmv.int_purchase_enriched"
[0m15:06:37.920514 [debug] [Thread-3 (]: On model.teachable_gmv.int_purchase_enriched: COMMIT
[0m15:06:37.921186 [debug] [Thread-3 (]: SQL status: OK in 0.000 seconds
[0m15:06:37.922372 [debug] [Thread-3 (]: Using duckdb connection "model.teachable_gmv.int_purchase_enriched"
[0m15:06:37.922563 [debug] [Thread-3 (]: On model.teachable_gmv.int_purchase_enriched: /* {"app": "dbt", "dbt_version": "1.10.19", "profile_name": "teachable_gmv", "target_name": "dev", "node_id": "model.teachable_gmv.int_purchase_enriched"} */

      drop view if exists "teachable"."silver"."int_purchase_enriched__dbt_backup" cascade
    
[0m15:06:37.922881 [debug] [Thread-3 (]: SQL status: OK in 0.000 seconds
[0m15:06:37.923545 [debug] [Thread-3 (]: On model.teachable_gmv.int_purchase_enriched: Close
[0m15:06:37.923814 [debug] [Thread-3 (]: Sending event: {'category': 'dbt', 'action': 'run_model', 'label': 'd5b3f948-9ef1-46ce-8f08-72d1ff11e0cc', 'context': [<snowplow_tracker.self_describing_json.SelfDescribingJson object at 0x1056e2dd0>]}
[0m15:06:37.924129 [info ] [Thread-3 (]: 5 of 5 OK created sql view model silver.int_purchase_enriched .................. [[32mOK[0m in 0.02s]
[0m15:06:37.924394 [debug] [Thread-3 (]: Finished running node model.teachable_gmv.int_purchase_enriched
[0m15:06:37.924973 [debug] [MainThread]: Using duckdb connection "master"
[0m15:06:37.925115 [debug] [MainThread]: On master: BEGIN
[0m15:06:37.925248 [debug] [MainThread]: Opening a new connection, currently in state closed
[0m15:06:37.925506 [debug] [MainThread]: SQL status: OK in 0.000 seconds
[0m15:06:37.925640 [debug] [MainThread]: On master: COMMIT
[0m15:06:37.925769 [debug] [MainThread]: Using duckdb connection "master"
[0m15:06:37.925897 [debug] [MainThread]: On master: COMMIT
[0m15:06:37.926107 [debug] [MainThread]: SQL status: OK in 0.000 seconds
[0m15:06:37.926236 [debug] [MainThread]: On master: Close
[0m15:06:37.926404 [debug] [MainThread]: Connection 'master' was properly closed.
[0m15:06:37.926530 [debug] [MainThread]: Connection 'model.teachable_gmv.stg_order_transaction_cost_hist' was properly closed.
[0m15:06:37.926649 [debug] [MainThread]: Connection 'model.teachable_gmv.int_purchase_enriched' was properly closed.
[0m15:06:37.926765 [debug] [MainThread]: Connection 'model.teachable_gmv.stg_purchase_extra_info' was properly closed.
[0m15:06:37.926904 [debug] [MainThread]: Connection 'model.teachable_gmv.stg_product_item' was properly closed.
[0m15:06:37.927075 [info ] [MainThread]: 
[0m15:06:37.927225 [info ] [MainThread]: Finished running 5 view models in 0 hours 0 minutes and 0.17 seconds (0.17s).
[0m15:06:37.927768 [debug] [MainThread]: Command end result
[0m15:06:37.942564 [debug] [MainThread]: Wrote artifact WritableManifest to /Users/davidlima/wspace/Teachable-Interview/teachable_davifati_dataengineeringprincipal_technicalcase/dbt_project/target/manifest.json
[0m15:06:37.943649 [debug] [MainThread]: Wrote artifact SemanticManifest to /Users/davidlima/wspace/Teachable-Interview/teachable_davifati_dataengineeringprincipal_technicalcase/dbt_project/target/semantic_manifest.json
[0m15:06:37.947128 [debug] [MainThread]: Wrote artifact RunExecutionResult to /Users/davidlima/wspace/Teachable-Interview/teachable_davifati_dataengineeringprincipal_technicalcase/dbt_project/target/run_results.json
[0m15:06:37.947415 [info ] [MainThread]: 
[0m15:06:37.947621 [info ] [MainThread]: [32mCompleted successfully[0m
[0m15:06:37.947776 [info ] [MainThread]: 
[0m15:06:37.947940 [info ] [MainThread]: Done. PASS=5 WARN=0 ERROR=0 SKIP=0 NO-OP=0 TOTAL=5
[0m15:06:37.949789 [debug] [MainThread]: Resource report: {"command_name": "run", "command_success": true, "command_wall_clock_time": 1.2319814, "process_in_blocks": "0", "process_kernel_time": 0.214561, "process_mem_max_rss": "142835712", "process_out_blocks": "0", "process_user_time": 1.709341}
[0m15:06:37.950048 [debug] [MainThread]: Command `dbt run` succeeded at 15:06:37.949996 after 1.23 seconds
[0m15:06:37.950263 [debug] [MainThread]: Sending event: {'category': 'dbt', 'action': 'invocation', 'label': 'end', 'context': [<snowplow_tracker.self_describing_json.SelfDescribingJson object at 0x105345eb0>, <snowplow_tracker.self_describing_json.SelfDescribingJson object at 0x104be01d0>, <snowplow_tracker.self_describing_json.SelfDescribingJson object at 0x105ea3d10>]}
[0m15:06:37.950460 [debug] [MainThread]: Flushing usage events
[0m15:06:38.667724 [debug] [MainThread]: An error was encountered while trying to flush usage events
[0m17:19:51.405827 [debug] [MainThread]: Sending event: {'category': 'dbt', 'action': 'invocation', 'label': 'start', 'context': [<snowplow_tracker.self_describing_json.SelfDescribingJson object at 0x11124c1a0>, <snowplow_tracker.self_describing_json.SelfDescribingJson object at 0x114797b10>, <snowplow_tracker.self_describing_json.SelfDescribingJson object at 0x114797c50>]}


============================== 17:19:51.410189 | f0595dda-888f-4e39-b9d9-4167adffd176 ==============================
[0m17:19:51.410189 [info ] [MainThread]: Running with dbt=1.10.19
[0m17:19:51.410550 [debug] [MainThread]: running dbt with arguments {'use_experimental_parser': 'False', 'introspect': 'True', 'log_cache_events': 'False', 'invocation_command': 'dbt run --select fact_gmv_snapshot', 'empty': 'False', 'write_json': 'True', 'log_path': '/Users/davidlima/wspace/Teachable-Interview/teachable_davifati_dataengineeringprincipal_technicalcase/dbt_project/logs', 'send_anonymous_usage_stats': 'True', 'partial_parse': 'True', 'printer_width': '80', 'cache_selected_only': 'False', 'quiet': 'False', 'no_print': 'None', 'static_parser': 'True', 'target_path': 'None', 'use_colors': 'True', 'version_check': 'True', 'profiles_dir': '/Users/davidlima/wspace/Teachable-Interview/teachable_davifati_dataengineeringprincipal_technicalcase/dbt_project', 'warn_error': 'None', 'debug': 'False', 'fail_fast': 'False', 'warn_error_options': 'WarnErrorOptionsV2(error=[], warn=[], silence=[])', 'indirect_selection': 'eager', 'log_format': 'default'}
[0m17:19:51.810121 [debug] [MainThread]: Sending event: {'category': 'dbt', 'action': 'project_id', 'label': 'f0595dda-888f-4e39-b9d9-4167adffd176', 'context': [<snowplow_tracker.self_describing_json.SelfDescribingJson object at 0x113008050>]}
[0m17:19:51.842026 [debug] [MainThread]: Sending event: {'category': 'dbt', 'action': 'adapter_info', 'label': 'f0595dda-888f-4e39-b9d9-4167adffd176', 'context': [<snowplow_tracker.self_describing_json.SelfDescribingJson object at 0x11465fdf0>]}
[0m17:19:51.843679 [info ] [MainThread]: Registered adapter: duckdb=1.10.0
[0m17:19:51.926457 [debug] [MainThread]: checksum: c35ba6d374a0901ceb00688d5179d5550885e1756283b03e5e81c28e0d8d2248, vars: {}, profile: , target: , version: 1.10.19
[0m17:19:52.024093 [debug] [MainThread]: Partial parsing enabled: 0 files deleted, 2 files added, 0 files changed.
[0m17:19:52.024536 [debug] [MainThread]: Partial parsing: added file: teachable_gmv://models/gold/schema.yml
[0m17:19:52.024722 [debug] [MainThread]: Partial parsing: added file: teachable_gmv://models/gold/fact_gmv_snapshot.sql
[0m17:19:52.311300 [debug] [MainThread]: Sending event: {'category': 'dbt', 'action': 'load_project', 'label': 'f0595dda-888f-4e39-b9d9-4167adffd176', 'context': [<snowplow_tracker.self_describing_json.SelfDescribingJson object at 0x115924550>]}
[0m17:19:52.367869 [debug] [MainThread]: Wrote artifact WritableManifest to /Users/davidlima/wspace/Teachable-Interview/teachable_davifati_dataengineeringprincipal_technicalcase/dbt_project/target/manifest.json
[0m17:19:52.369776 [debug] [MainThread]: Wrote artifact SemanticManifest to /Users/davidlima/wspace/Teachable-Interview/teachable_davifati_dataengineeringprincipal_technicalcase/dbt_project/target/semantic_manifest.json
[0m17:19:52.386359 [debug] [MainThread]: Sending event: {'category': 'dbt', 'action': 'resource_counts', 'label': 'f0595dda-888f-4e39-b9d9-4167adffd176', 'context': [<snowplow_tracker.self_describing_json.SelfDescribingJson object at 0x1148108c0>]}
[0m17:19:52.386656 [info ] [MainThread]: Found 6 models, 5 data tests, 4 sources, 473 macros
[0m17:19:52.386838 [debug] [MainThread]: Sending event: {'category': 'dbt', 'action': 'runnable_timing', 'label': 'f0595dda-888f-4e39-b9d9-4167adffd176', 'context': [<snowplow_tracker.self_describing_json.SelfDescribingJson object at 0x114c1aeb0>]}
[0m17:19:52.387755 [info ] [MainThread]: 
[0m17:19:52.387955 [info ] [MainThread]: Concurrency: 4 threads (target='dev')
[0m17:19:52.388097 [info ] [MainThread]: 
[0m17:19:52.388362 [debug] [MainThread]: Acquiring new duckdb connection 'master'
[0m17:19:52.388842 [debug] [ThreadPool]: Acquiring new duckdb connection 'list_teachable'
[0m17:19:52.441508 [debug] [ThreadPool]: Using duckdb connection "list_teachable"
[0m17:19:52.441751 [debug] [ThreadPool]: On list_teachable: /* {"app": "dbt", "dbt_version": "1.10.19", "profile_name": "teachable_gmv", "target_name": "dev", "connection_name": "list_teachable"} */

    
    select schema_name
    from system.information_schema.schemata
    
    where lower(catalog_name) = '"teachable"'
    
  
  
[0m17:19:52.441904 [debug] [ThreadPool]: Opening a new connection, currently in state init
[0m17:19:52.472146 [debug] [ThreadPool]: SQL status: OK in 0.030 seconds
[0m17:19:52.473127 [debug] [ThreadPool]: On list_teachable: Close
[0m17:19:52.473478 [debug] [ThreadPool]: Re-using an available connection from the pool (formerly list_teachable, now create_teachable_gold)
[0m17:19:52.473702 [debug] [ThreadPool]: Creating schema "database: "teachable"
schema: "gold"
"
[0m17:19:52.477057 [debug] [ThreadPool]: Using duckdb connection "create_teachable_gold"
[0m17:19:52.477234 [debug] [ThreadPool]: On create_teachable_gold: /* {"app": "dbt", "dbt_version": "1.10.19", "profile_name": "teachable_gmv", "target_name": "dev", "connection_name": "create_teachable_gold"} */

    
        select type from duckdb_databases()
        where lower(database_name)='teachable'
        and type='sqlite'
    
  
[0m17:19:52.477376 [debug] [ThreadPool]: Opening a new connection, currently in state closed
[0m17:19:52.478245 [debug] [ThreadPool]: SQL status: OK in 0.001 seconds
[0m17:19:52.478977 [debug] [ThreadPool]: Using duckdb connection "create_teachable_gold"
[0m17:19:52.479124 [debug] [ThreadPool]: On create_teachable_gold: BEGIN
[0m17:19:52.479360 [debug] [ThreadPool]: SQL status: OK in 0.000 seconds
[0m17:19:52.479491 [debug] [ThreadPool]: Using duckdb connection "create_teachable_gold"
[0m17:19:52.479646 [debug] [ThreadPool]: On create_teachable_gold: /* {"app": "dbt", "dbt_version": "1.10.19", "profile_name": "teachable_gmv", "target_name": "dev", "connection_name": "create_teachable_gold"} */

    
    
        create schema if not exists "teachable"."gold"
    
[0m17:19:52.480115 [debug] [ThreadPool]: SQL status: OK in 0.000 seconds
[0m17:19:52.480553 [debug] [ThreadPool]: On create_teachable_gold: COMMIT
[0m17:19:52.480707 [debug] [ThreadPool]: Using duckdb connection "create_teachable_gold"
[0m17:19:52.480838 [debug] [ThreadPool]: On create_teachable_gold: COMMIT
[0m17:19:52.481466 [debug] [ThreadPool]: SQL status: OK in 0.001 seconds
[0m17:19:52.481607 [debug] [ThreadPool]: On create_teachable_gold: Close
[0m17:19:52.484268 [debug] [ThreadPool]: Re-using an available connection from the pool (formerly create_teachable_gold, now list_teachable_gold)
[0m17:19:52.484530 [debug] [ThreadPool]: Acquiring new duckdb connection 'list_teachable_silver'
[0m17:19:52.487490 [debug] [ThreadPool]: Using duckdb connection "list_teachable_gold"
[0m17:19:52.488334 [debug] [ThreadPool]: Using duckdb connection "list_teachable_silver"
[0m17:19:52.488493 [debug] [ThreadPool]: On list_teachable_gold: BEGIN
[0m17:19:52.488639 [debug] [ThreadPool]: On list_teachable_silver: BEGIN
[0m17:19:52.488778 [debug] [ThreadPool]: Opening a new connection, currently in state closed
[0m17:19:52.488906 [debug] [ThreadPool]: Opening a new connection, currently in state init
[0m17:19:52.489256 [debug] [ThreadPool]: SQL status: OK in 0.000 seconds
[0m17:19:52.489432 [debug] [ThreadPool]: SQL status: OK in 0.001 seconds
[0m17:19:52.489563 [debug] [ThreadPool]: Using duckdb connection "list_teachable_silver"
[0m17:19:52.489698 [debug] [ThreadPool]: Using duckdb connection "list_teachable_gold"
[0m17:19:52.489853 [debug] [ThreadPool]: On list_teachable_silver: /* {"app": "dbt", "dbt_version": "1.10.19", "profile_name": "teachable_gmv", "target_name": "dev", "connection_name": "list_teachable_silver"} */
select
      'teachable' as database,
      table_name as name,
      table_schema as schema,
      CASE table_type
        WHEN 'BASE TABLE' THEN 'table'
        WHEN 'VIEW' THEN 'view'
        WHEN 'LOCAL TEMPORARY' THEN 'table'
        END as type
    from system.information_schema.tables
    where lower(table_schema) = 'silver'
    and lower(table_catalog) = 'teachable'
  
[0m17:19:52.490010 [debug] [ThreadPool]: On list_teachable_gold: /* {"app": "dbt", "dbt_version": "1.10.19", "profile_name": "teachable_gmv", "target_name": "dev", "connection_name": "list_teachable_gold"} */
select
      'teachable' as database,
      table_name as name,
      table_schema as schema,
      CASE table_type
        WHEN 'BASE TABLE' THEN 'table'
        WHEN 'VIEW' THEN 'view'
        WHEN 'LOCAL TEMPORARY' THEN 'table'
        END as type
    from system.information_schema.tables
    where lower(table_schema) = 'gold'
    and lower(table_catalog) = 'teachable'
  
[0m17:19:52.500904 [debug] [ThreadPool]: SQL status: OK in 0.011 seconds
[0m17:19:52.501160 [debug] [ThreadPool]: SQL status: OK in 0.011 seconds
[0m17:19:52.501920 [debug] [ThreadPool]: On list_teachable_silver: ROLLBACK
[0m17:19:52.502546 [debug] [ThreadPool]: On list_teachable_gold: ROLLBACK
[0m17:19:52.503432 [debug] [ThreadPool]: Failed to rollback 'list_teachable_gold'
[0m17:19:52.503588 [debug] [ThreadPool]: On list_teachable_gold: Close
[0m17:19:52.503832 [debug] [ThreadPool]: Failed to rollback 'list_teachable_silver'
[0m17:19:52.504076 [debug] [ThreadPool]: On list_teachable_silver: Close
[0m17:19:52.504709 [debug] [MainThread]: Sending event: {'category': 'dbt', 'action': 'runnable_timing', 'label': 'f0595dda-888f-4e39-b9d9-4167adffd176', 'context': [<snowplow_tracker.self_describing_json.SelfDescribingJson object at 0x10631f790>]}
[0m17:19:52.504928 [debug] [MainThread]: Using duckdb connection "master"
[0m17:19:52.505056 [debug] [MainThread]: On master: BEGIN
[0m17:19:52.505174 [debug] [MainThread]: Opening a new connection, currently in state init
[0m17:19:52.505467 [debug] [MainThread]: SQL status: OK in 0.000 seconds
[0m17:19:52.505599 [debug] [MainThread]: On master: COMMIT
[0m17:19:52.505723 [debug] [MainThread]: Using duckdb connection "master"
[0m17:19:52.505841 [debug] [MainThread]: On master: COMMIT
[0m17:19:52.506048 [debug] [MainThread]: SQL status: OK in 0.000 seconds
[0m17:19:52.506173 [debug] [MainThread]: On master: Close
[0m17:19:52.509839 [debug] [Thread-1 (]: Began running node model.teachable_gmv.fact_gmv_snapshot
[0m17:19:52.510104 [info ] [Thread-1 (]: 1 of 1 START sql incremental model gold.fact_gmv_snapshot ...................... [RUN]
[0m17:19:52.510322 [debug] [Thread-1 (]: Re-using an available connection from the pool (formerly list_teachable_gold, now model.teachable_gmv.fact_gmv_snapshot)
[0m17:19:52.510492 [debug] [Thread-1 (]: Began compiling node model.teachable_gmv.fact_gmv_snapshot
[0m17:19:52.515348 [debug] [Thread-1 (]: Writing injected SQL for node "model.teachable_gmv.fact_gmv_snapshot"
[0m17:19:52.515807 [debug] [Thread-1 (]: Began executing node model.teachable_gmv.fact_gmv_snapshot
[0m17:19:52.547495 [debug] [Thread-1 (]: Writing runtime sql for node "model.teachable_gmv.fact_gmv_snapshot"
[0m17:19:52.548088 [debug] [Thread-1 (]: Using duckdb connection "model.teachable_gmv.fact_gmv_snapshot"
[0m17:19:52.548272 [debug] [Thread-1 (]: On model.teachable_gmv.fact_gmv_snapshot: BEGIN
[0m17:19:52.548431 [debug] [Thread-1 (]: Opening a new connection, currently in state closed
[0m17:19:52.548811 [debug] [Thread-1 (]: SQL status: OK in 0.000 seconds
[0m17:19:52.548973 [debug] [Thread-1 (]: Using duckdb connection "model.teachable_gmv.fact_gmv_snapshot"
[0m17:19:52.549180 [debug] [Thread-1 (]: On model.teachable_gmv.fact_gmv_snapshot: /* {"app": "dbt", "dbt_version": "1.10.19", "profile_name": "teachable_gmv", "target_name": "dev", "node_id": "model.teachable_gmv.fact_gmv_snapshot"} */

  
    
    

    create  table
      "teachable"."gold"."fact_gmv_snapshot"
  
    as (
      

/*
    Gold: fact_gmv_snapshot

    Tabela fact de GMV com snapshot diário, atendendo os 9 requisitos do case:

    1. GMV só de released transactions -> is_valid_for_gmv flag
    2. Late arrivals -> snapshot captura estado atual
    3. Imutabilidade -> append-only, nunca UPDATE/DELETE
    4. As-of queries -> snapshot_date como filtro
    5. Current/historical/lineage -> filtros simples
    6. Simples (no joins) -> desnormalizada
    7. Partição transaction_date -> particionada por transaction_date
    8. D-1 batches -> snapshot_date = CURRENT_DATE
    9. Reprocessing não reescreve -> append-only

    Grain: (purchase_id, snapshot_date)
    Partição: transaction_date

    Queries típicas:
    - GMV atual: WHERE snapshot_date = (SELECT MAX(snapshot_date) FROM ...) AND is_valid_for_gmv = true
    - As-of: WHERE snapshot_date = '2023-03-31' AND is_valid_for_gmv = true
*/

with source as (
    select * from "teachable"."silver"."int_purchase_enriched"
),

snapshot as (
    select
        -- Chave primária composta
        purchase_id,
        current_date as snapshot_date,

        -- Partição (transaction_date) - cumpre requisito #7
        transaction_date,

        -- Dimensões temporais
        order_date,
        release_date,

        -- Dimensões de negócio
        subsidiary,
        buyer_id,
        producer_id,
        product_id,
        purchase_status,

        -- Métricas
        purchase_value,
        item_quantity,

        -- Flag para cálculo de GMV - cumpre requisito #1
        -- GMV = apenas transações com pagamento capturado (release_date preenchido)
        -- e não canceladas (status APROVADA)
        (release_date is not null and purchase_status = 'APROVADA') as is_valid_for_gmv,

        -- Auditoria
        last_updated_at

    from source
)

select * from snapshot

    );
  
  
  
[0m17:19:52.572889 [debug] [Thread-1 (]: SQL status: OK in 0.023 seconds
[0m17:19:52.579949 [debug] [Thread-1 (]: On model.teachable_gmv.fact_gmv_snapshot: COMMIT
[0m17:19:52.580183 [debug] [Thread-1 (]: Using duckdb connection "model.teachable_gmv.fact_gmv_snapshot"
[0m17:19:52.580348 [debug] [Thread-1 (]: On model.teachable_gmv.fact_gmv_snapshot: COMMIT
[0m17:19:52.581322 [debug] [Thread-1 (]: SQL status: OK in 0.001 seconds
[0m17:19:52.582282 [debug] [Thread-1 (]: On model.teachable_gmv.fact_gmv_snapshot: Close
[0m17:19:52.584690 [debug] [Thread-1 (]: Sending event: {'category': 'dbt', 'action': 'run_model', 'label': 'f0595dda-888f-4e39-b9d9-4167adffd176', 'context': [<snowplow_tracker.self_describing_json.SelfDescribingJson object at 0x115e9c650>]}
[0m17:19:52.585031 [info ] [Thread-1 (]: 1 of 1 OK created sql incremental model gold.fact_gmv_snapshot ................. [[32mOK[0m in 0.07s]
[0m17:19:52.585317 [debug] [Thread-1 (]: Finished running node model.teachable_gmv.fact_gmv_snapshot
[0m17:19:52.585995 [debug] [MainThread]: Using duckdb connection "master"
[0m17:19:52.586174 [debug] [MainThread]: On master: BEGIN
[0m17:19:52.586311 [debug] [MainThread]: Opening a new connection, currently in state closed
[0m17:19:52.586588 [debug] [MainThread]: SQL status: OK in 0.000 seconds
[0m17:19:52.586724 [debug] [MainThread]: On master: COMMIT
[0m17:19:52.586850 [debug] [MainThread]: Using duckdb connection "master"
[0m17:19:52.586971 [debug] [MainThread]: On master: COMMIT
[0m17:19:52.587180 [debug] [MainThread]: SQL status: OK in 0.000 seconds
[0m17:19:52.587310 [debug] [MainThread]: On master: Close
[0m17:19:52.587481 [debug] [MainThread]: Connection 'master' was properly closed.
[0m17:19:52.587601 [debug] [MainThread]: Connection 'model.teachable_gmv.fact_gmv_snapshot' was properly closed.
[0m17:19:52.587711 [debug] [MainThread]: Connection 'list_teachable_silver' was properly closed.
[0m17:19:52.587843 [info ] [MainThread]: 
[0m17:19:52.587984 [info ] [MainThread]: Finished running 1 incremental model in 0 hours 0 minutes and 0.20 seconds (0.20s).
[0m17:19:52.588295 [debug] [MainThread]: Command end result
[0m17:19:52.604089 [debug] [MainThread]: Wrote artifact WritableManifest to /Users/davidlima/wspace/Teachable-Interview/teachable_davifati_dataengineeringprincipal_technicalcase/dbt_project/target/manifest.json
[0m17:19:52.605103 [debug] [MainThread]: Wrote artifact SemanticManifest to /Users/davidlima/wspace/Teachable-Interview/teachable_davifati_dataengineeringprincipal_technicalcase/dbt_project/target/semantic_manifest.json
[0m17:19:52.609155 [debug] [MainThread]: Wrote artifact RunExecutionResult to /Users/davidlima/wspace/Teachable-Interview/teachable_davifati_dataengineeringprincipal_technicalcase/dbt_project/target/run_results.json
[0m17:19:52.609324 [info ] [MainThread]: 
[0m17:19:52.609513 [info ] [MainThread]: [32mCompleted successfully[0m
[0m17:19:52.609653 [info ] [MainThread]: 
[0m17:19:52.609801 [info ] [MainThread]: Done. PASS=1 WARN=0 ERROR=0 SKIP=0 NO-OP=0 TOTAL=1
[0m17:19:52.610642 [debug] [MainThread]: Resource report: {"command_name": "run", "command_success": true, "command_wall_clock_time": 1.2443615, "process_in_blocks": "0", "process_kernel_time": 0.223313, "process_mem_max_rss": "168755200", "process_out_blocks": "0", "process_user_time": 1.411341}
[0m17:19:52.610845 [debug] [MainThread]: Command `dbt run` succeeded at 17:19:52.610799 after 1.24 seconds
[0m17:19:52.611023 [debug] [MainThread]: Sending event: {'category': 'dbt', 'action': 'invocation', 'label': 'end', 'context': [<snowplow_tracker.self_describing_json.SelfDescribingJson object at 0x115b42af0>, <snowplow_tracker.self_describing_json.SelfDescribingJson object at 0x11475fed0>, <snowplow_tracker.self_describing_json.SelfDescribingJson object at 0x11475f7f0>]}
[0m17:19:52.611195 [debug] [MainThread]: Flushing usage events
[0m17:19:53.228830 [debug] [MainThread]: An error was encountered while trying to flush usage events
[0m17:20:02.555031 [debug] [MainThread]: Sending event: {'category': 'dbt', 'action': 'invocation', 'label': 'start', 'context': [<snowplow_tracker.self_describing_json.SelfDescribingJson object at 0x107bc81a0>, <snowplow_tracker.self_describing_json.SelfDescribingJson object at 0x108a17b10>, <snowplow_tracker.self_describing_json.SelfDescribingJson object at 0x108a17c50>]}


============================== 17:20:02.558469 | ccd458f6-5bdf-4a82-b38e-7763b0f35576 ==============================
[0m17:20:02.558469 [info ] [MainThread]: Running with dbt=1.10.19
[0m17:20:02.558813 [debug] [MainThread]: running dbt with arguments {'no_print': 'None', 'indirect_selection': 'eager', 'write_json': 'True', 'cache_selected_only': 'False', 'warn_error_options': 'WarnErrorOptionsV2(error=[], warn=[], silence=[])', 'send_anonymous_usage_stats': 'True', 'fail_fast': 'False', 'target_path': 'None', 'printer_width': '80', 'profiles_dir': '/Users/davidlima/wspace/Teachable-Interview/teachable_davifati_dataengineeringprincipal_technicalcase/dbt_project', 'log_path': '/Users/davidlima/wspace/Teachable-Interview/teachable_davifati_dataengineeringprincipal_technicalcase/dbt_project/logs', 'use_experimental_parser': 'False', 'static_parser': 'True', 'log_cache_events': 'False', 'introspect': 'True', 'version_check': 'True', 'warn_error': 'None', 'partial_parse': 'True', 'invocation_command': 'dbt run', 'log_format': 'default', 'use_colors': 'True', 'empty': 'False', 'quiet': 'False', 'debug': 'False'}
[0m17:20:02.684519 [debug] [MainThread]: Sending event: {'category': 'dbt', 'action': 'project_id', 'label': 'ccd458f6-5bdf-4a82-b38e-7763b0f35576', 'context': [<snowplow_tracker.self_describing_json.SelfDescribingJson object at 0x107d88050>]}
[0m17:20:02.716893 [debug] [MainThread]: Sending event: {'category': 'dbt', 'action': 'adapter_info', 'label': 'ccd458f6-5bdf-4a82-b38e-7763b0f35576', 'context': [<snowplow_tracker.self_describing_json.SelfDescribingJson object at 0x1088dfdf0>]}
[0m17:20:02.718589 [info ] [MainThread]: Registered adapter: duckdb=1.10.0
[0m17:20:02.781013 [debug] [MainThread]: checksum: c35ba6d374a0901ceb00688d5179d5550885e1756283b03e5e81c28e0d8d2248, vars: {}, profile: , target: , version: 1.10.19
[0m17:20:02.866511 [debug] [MainThread]: Partial parsing enabled: 0 files deleted, 0 files added, 0 files changed.
[0m17:20:02.866764 [debug] [MainThread]: Partial parsing enabled, no changes found, skipping parsing
[0m17:20:02.891919 [debug] [MainThread]: Sending event: {'category': 'dbt', 'action': 'load_project', 'label': 'ccd458f6-5bdf-4a82-b38e-7763b0f35576', 'context': [<snowplow_tracker.self_describing_json.SelfDescribingJson object at 0x108b05d50>]}
[0m17:20:02.941590 [debug] [MainThread]: Wrote artifact WritableManifest to /Users/davidlima/wspace/Teachable-Interview/teachable_davifati_dataengineeringprincipal_technicalcase/dbt_project/target/manifest.json
[0m17:20:02.942958 [debug] [MainThread]: Wrote artifact SemanticManifest to /Users/davidlima/wspace/Teachable-Interview/teachable_davifati_dataengineeringprincipal_technicalcase/dbt_project/target/semantic_manifest.json
[0m17:20:02.955825 [debug] [MainThread]: Sending event: {'category': 'dbt', 'action': 'resource_counts', 'label': 'ccd458f6-5bdf-4a82-b38e-7763b0f35576', 'context': [<snowplow_tracker.self_describing_json.SelfDescribingJson object at 0x108d8f200>]}
[0m17:20:02.956139 [info ] [MainThread]: Found 6 models, 5 data tests, 4 sources, 473 macros
[0m17:20:02.956324 [debug] [MainThread]: Sending event: {'category': 'dbt', 'action': 'runnable_timing', 'label': 'ccd458f6-5bdf-4a82-b38e-7763b0f35576', 'context': [<snowplow_tracker.self_describing_json.SelfDescribingJson object at 0x108c1d470>]}
[0m17:20:02.957486 [info ] [MainThread]: 
[0m17:20:02.957711 [info ] [MainThread]: Concurrency: 4 threads (target='dev')
[0m17:20:02.957871 [info ] [MainThread]: 
[0m17:20:02.958142 [debug] [MainThread]: Acquiring new duckdb connection 'master'
[0m17:20:02.960743 [debug] [ThreadPool]: Acquiring new duckdb connection 'list_teachable'
[0m17:20:02.967372 [debug] [ThreadPool]: Acquiring new duckdb connection 'list_teachable'
[0m17:20:02.992647 [debug] [ThreadPool]: Using duckdb connection "list_teachable"
[0m17:20:02.992916 [debug] [ThreadPool]: Using duckdb connection "list_teachable"
[0m17:20:02.993108 [debug] [ThreadPool]: On list_teachable: /* {"app": "dbt", "dbt_version": "1.10.19", "profile_name": "teachable_gmv", "target_name": "dev", "connection_name": "list_teachable"} */

    
    select schema_name
    from system.information_schema.schemata
    
    where lower(catalog_name) = '"teachable"'
    
  
  
[0m17:20:02.993332 [debug] [ThreadPool]: On list_teachable: /* {"app": "dbt", "dbt_version": "1.10.19", "profile_name": "teachable_gmv", "target_name": "dev", "connection_name": "list_teachable"} */

    
    select schema_name
    from system.information_schema.schemata
    
    where lower(catalog_name) = '"teachable"'
    
  
  
[0m17:20:02.993524 [debug] [ThreadPool]: Opening a new connection, currently in state init
[0m17:20:02.993673 [debug] [ThreadPool]: Opening a new connection, currently in state init
[0m17:20:03.015924 [debug] [ThreadPool]: SQL status: OK in 0.022 seconds
[0m17:20:03.016381 [debug] [ThreadPool]: SQL status: OK in 0.023 seconds
[0m17:20:03.017102 [debug] [ThreadPool]: On list_teachable: Close
[0m17:20:03.017699 [debug] [ThreadPool]: On list_teachable: Close
[0m17:20:03.018129 [debug] [ThreadPool]: Re-using an available connection from the pool (formerly list_teachable, now create_teachable_silver)
[0m17:20:03.018322 [debug] [ThreadPool]: Re-using an available connection from the pool (formerly list_teachable, now create_teachable_gold)
[0m17:20:03.018540 [debug] [ThreadPool]: Creating schema "database: "teachable"
schema: "silver"
"
[0m17:20:03.018750 [debug] [ThreadPool]: Creating schema "database: "teachable"
schema: "gold"
"
[0m17:20:03.022091 [debug] [ThreadPool]: Using duckdb connection "create_teachable_silver"
[0m17:20:03.023314 [debug] [ThreadPool]: Using duckdb connection "create_teachable_gold"
[0m17:20:03.023546 [debug] [ThreadPool]: On create_teachable_silver: /* {"app": "dbt", "dbt_version": "1.10.19", "profile_name": "teachable_gmv", "target_name": "dev", "connection_name": "create_teachable_silver"} */

    
        select type from duckdb_databases()
        where lower(database_name)='teachable'
        and type='sqlite'
    
  
[0m17:20:03.023752 [debug] [ThreadPool]: On create_teachable_gold: /* {"app": "dbt", "dbt_version": "1.10.19", "profile_name": "teachable_gmv", "target_name": "dev", "connection_name": "create_teachable_gold"} */

    
        select type from duckdb_databases()
        where lower(database_name)='teachable'
        and type='sqlite'
    
  
[0m17:20:03.023917 [debug] [ThreadPool]: Opening a new connection, currently in state closed
[0m17:20:03.024070 [debug] [ThreadPool]: Opening a new connection, currently in state closed
[0m17:20:03.024971 [debug] [ThreadPool]: SQL status: OK in 0.001 seconds
[0m17:20:03.025149 [debug] [ThreadPool]: SQL status: OK in 0.001 seconds
[0m17:20:03.025868 [debug] [ThreadPool]: Using duckdb connection "create_teachable_silver"
[0m17:20:03.026023 [debug] [ThreadPool]: On create_teachable_silver: BEGIN
[0m17:20:03.026612 [debug] [ThreadPool]: Using duckdb connection "create_teachable_gold"
[0m17:20:03.026802 [debug] [ThreadPool]: On create_teachable_gold: BEGIN
[0m17:20:03.026977 [debug] [ThreadPool]: SQL status: OK in 0.000 seconds
[0m17:20:03.027121 [debug] [ThreadPool]: Using duckdb connection "create_teachable_silver"
[0m17:20:03.027252 [debug] [ThreadPool]: SQL status: OK in 0.000 seconds
[0m17:20:03.027388 [debug] [ThreadPool]: On create_teachable_silver: /* {"app": "dbt", "dbt_version": "1.10.19", "profile_name": "teachable_gmv", "target_name": "dev", "connection_name": "create_teachable_silver"} */

    
    
        create schema if not exists "teachable"."silver"
    
[0m17:20:03.027529 [debug] [ThreadPool]: Using duckdb connection "create_teachable_gold"
[0m17:20:03.027712 [debug] [ThreadPool]: On create_teachable_gold: /* {"app": "dbt", "dbt_version": "1.10.19", "profile_name": "teachable_gmv", "target_name": "dev", "connection_name": "create_teachable_gold"} */

    
    
        create schema if not exists "teachable"."gold"
    
[0m17:20:03.027879 [debug] [ThreadPool]: SQL status: OK in 0.000 seconds
[0m17:20:03.028028 [debug] [ThreadPool]: SQL status: OK in 0.000 seconds
[0m17:20:03.028461 [debug] [ThreadPool]: On create_teachable_silver: COMMIT
[0m17:20:03.028942 [debug] [ThreadPool]: On create_teachable_gold: COMMIT
[0m17:20:03.029093 [debug] [ThreadPool]: Using duckdb connection "create_teachable_silver"
[0m17:20:03.029242 [debug] [ThreadPool]: Using duckdb connection "create_teachable_gold"
[0m17:20:03.029389 [debug] [ThreadPool]: On create_teachable_silver: COMMIT
[0m17:20:03.029521 [debug] [ThreadPool]: On create_teachable_gold: COMMIT
[0m17:20:03.029782 [debug] [ThreadPool]: SQL status: OK in 0.000 seconds
[0m17:20:03.029920 [debug] [ThreadPool]: On create_teachable_silver: Close
[0m17:20:03.030053 [debug] [ThreadPool]: SQL status: OK in 0.000 seconds
[0m17:20:03.030374 [debug] [ThreadPool]: On create_teachable_gold: Close
[0m17:20:03.031093 [debug] [ThreadPool]: Re-using an available connection from the pool (formerly create_teachable_silver, now list_teachable_silver)
[0m17:20:03.033961 [debug] [ThreadPool]: Using duckdb connection "list_teachable_silver"
[0m17:20:03.034143 [debug] [ThreadPool]: On list_teachable_silver: BEGIN
[0m17:20:03.034339 [debug] [ThreadPool]: Re-using an available connection from the pool (formerly create_teachable_gold, now list_teachable_gold)
[0m17:20:03.034493 [debug] [ThreadPool]: Opening a new connection, currently in state closed
[0m17:20:03.035294 [debug] [ThreadPool]: Using duckdb connection "list_teachable_gold"
[0m17:20:03.035544 [debug] [ThreadPool]: On list_teachable_gold: BEGIN
[0m17:20:03.035667 [debug] [ThreadPool]: Opening a new connection, currently in state closed
[0m17:20:03.035892 [debug] [ThreadPool]: SQL status: OK in 0.001 seconds
[0m17:20:03.036031 [debug] [ThreadPool]: Using duckdb connection "list_teachable_silver"
[0m17:20:03.036170 [debug] [ThreadPool]: On list_teachable_silver: /* {"app": "dbt", "dbt_version": "1.10.19", "profile_name": "teachable_gmv", "target_name": "dev", "connection_name": "list_teachable_silver"} */
select
      'teachable' as database,
      table_name as name,
      table_schema as schema,
      CASE table_type
        WHEN 'BASE TABLE' THEN 'table'
        WHEN 'VIEW' THEN 'view'
        WHEN 'LOCAL TEMPORARY' THEN 'table'
        END as type
    from system.information_schema.tables
    where lower(table_schema) = 'silver'
    and lower(table_catalog) = 'teachable'
  
[0m17:20:03.036398 [debug] [ThreadPool]: SQL status: OK in 0.001 seconds
[0m17:20:03.036527 [debug] [ThreadPool]: Using duckdb connection "list_teachable_gold"
[0m17:20:03.036665 [debug] [ThreadPool]: On list_teachable_gold: /* {"app": "dbt", "dbt_version": "1.10.19", "profile_name": "teachable_gmv", "target_name": "dev", "connection_name": "list_teachable_gold"} */
select
      'teachable' as database,
      table_name as name,
      table_schema as schema,
      CASE table_type
        WHEN 'BASE TABLE' THEN 'table'
        WHEN 'VIEW' THEN 'view'
        WHEN 'LOCAL TEMPORARY' THEN 'table'
        END as type
    from system.information_schema.tables
    where lower(table_schema) = 'gold'
    and lower(table_catalog) = 'teachable'
  
[0m17:20:03.047074 [debug] [ThreadPool]: SQL status: OK in 0.011 seconds
[0m17:20:03.047352 [debug] [ThreadPool]: SQL status: OK in 0.011 seconds
[0m17:20:03.048094 [debug] [ThreadPool]: On list_teachable_silver: ROLLBACK
[0m17:20:03.048762 [debug] [ThreadPool]: On list_teachable_gold: ROLLBACK
[0m17:20:03.049674 [debug] [ThreadPool]: Failed to rollback 'list_teachable_gold'
[0m17:20:03.049829 [debug] [ThreadPool]: On list_teachable_gold: Close
[0m17:20:03.050080 [debug] [ThreadPool]: Failed to rollback 'list_teachable_silver'
[0m17:20:03.050246 [debug] [ThreadPool]: On list_teachable_silver: Close
[0m17:20:03.051026 [debug] [MainThread]: Sending event: {'category': 'dbt', 'action': 'runnable_timing', 'label': 'ccd458f6-5bdf-4a82-b38e-7763b0f35576', 'context': [<snowplow_tracker.self_describing_json.SelfDescribingJson object at 0x1092c9570>]}
[0m17:20:03.051283 [debug] [MainThread]: Using duckdb connection "master"
[0m17:20:03.051428 [debug] [MainThread]: On master: BEGIN
[0m17:20:03.051555 [debug] [MainThread]: Opening a new connection, currently in state init
[0m17:20:03.051851 [debug] [MainThread]: SQL status: OK in 0.000 seconds
[0m17:20:03.051986 [debug] [MainThread]: On master: COMMIT
[0m17:20:03.052119 [debug] [MainThread]: Using duckdb connection "master"
[0m17:20:03.052243 [debug] [MainThread]: On master: COMMIT
[0m17:20:03.052452 [debug] [MainThread]: SQL status: OK in 0.000 seconds
[0m17:20:03.052586 [debug] [MainThread]: On master: Close
[0m17:20:03.054295 [debug] [Thread-1 (]: Began running node model.teachable_gmv.stg_order_transaction_cost_hist
[0m17:20:03.054499 [debug] [Thread-4 (]: Began running node model.teachable_gmv.stg_purchase_extra_info
[0m17:20:03.054674 [debug] [Thread-2 (]: Began running node model.teachable_gmv.stg_product_item
[0m17:20:03.054833 [debug] [Thread-3 (]: Began running node model.teachable_gmv.stg_purchase
[0m17:20:03.055091 [info ] [Thread-1 (]: 1 of 6 START sql view model silver.stg_order_transaction_cost_hist ............. [RUN]
[0m17:20:03.055315 [info ] [Thread-4 (]: 4 of 6 START sql view model silver.stg_purchase_extra_info ..................... [RUN]
[0m17:20:03.055562 [info ] [Thread-2 (]: 2 of 6 START sql view model silver.stg_product_item ............................ [RUN]
[0m17:20:03.055998 [debug] [Thread-1 (]: Re-using an available connection from the pool (formerly list_teachable_silver, now model.teachable_gmv.stg_order_transaction_cost_hist)
[0m17:20:03.055783 [info ] [Thread-3 (]: 3 of 6 START sql view model silver.stg_purchase ................................ [RUN]
[0m17:20:03.056270 [debug] [Thread-4 (]: Acquiring new duckdb connection 'model.teachable_gmv.stg_purchase_extra_info'
[0m17:20:03.056451 [debug] [Thread-2 (]: Re-using an available connection from the pool (formerly list_teachable_gold, now model.teachable_gmv.stg_product_item)
[0m17:20:03.056625 [debug] [Thread-1 (]: Began compiling node model.teachable_gmv.stg_order_transaction_cost_hist
[0m17:20:03.056833 [debug] [Thread-3 (]: Acquiring new duckdb connection 'model.teachable_gmv.stg_purchase'
[0m17:20:03.057006 [debug] [Thread-4 (]: Began compiling node model.teachable_gmv.stg_purchase_extra_info
[0m17:20:03.057170 [debug] [Thread-2 (]: Began compiling node model.teachable_gmv.stg_product_item
[0m17:20:03.061490 [debug] [Thread-1 (]: Writing injected SQL for node "model.teachable_gmv.stg_order_transaction_cost_hist"
[0m17:20:03.061754 [debug] [Thread-3 (]: Began compiling node model.teachable_gmv.stg_purchase
[0m17:20:03.063722 [debug] [Thread-4 (]: Writing injected SQL for node "model.teachable_gmv.stg_purchase_extra_info"
[0m17:20:03.068352 [debug] [Thread-2 (]: Writing injected SQL for node "model.teachable_gmv.stg_product_item"
[0m17:20:03.069993 [debug] [Thread-3 (]: Writing injected SQL for node "model.teachable_gmv.stg_purchase"
[0m17:20:03.070449 [debug] [Thread-1 (]: Began executing node model.teachable_gmv.stg_order_transaction_cost_hist
[0m17:20:03.123506 [debug] [Thread-2 (]: Began executing node model.teachable_gmv.stg_product_item
[0m17:20:03.124818 [debug] [Thread-1 (]: Writing runtime sql for node "model.teachable_gmv.stg_order_transaction_cost_hist"
[0m17:20:03.125019 [debug] [Thread-4 (]: Began executing node model.teachable_gmv.stg_purchase_extra_info
[0m17:20:03.126663 [debug] [Thread-2 (]: Writing runtime sql for node "model.teachable_gmv.stg_product_item"
[0m17:20:03.128086 [debug] [Thread-4 (]: Writing runtime sql for node "model.teachable_gmv.stg_purchase_extra_info"
[0m17:20:03.128837 [debug] [Thread-3 (]: Began executing node model.teachable_gmv.stg_purchase
[0m17:20:03.130982 [debug] [Thread-3 (]: Writing runtime sql for node "model.teachable_gmv.stg_purchase"
[0m17:20:03.131415 [debug] [Thread-1 (]: Using duckdb connection "model.teachable_gmv.stg_order_transaction_cost_hist"
[0m17:20:03.131647 [debug] [Thread-1 (]: On model.teachable_gmv.stg_order_transaction_cost_hist: BEGIN
[0m17:20:03.131851 [debug] [Thread-1 (]: Opening a new connection, currently in state closed
[0m17:20:03.132084 [debug] [Thread-2 (]: Using duckdb connection "model.teachable_gmv.stg_product_item"
[0m17:20:03.132299 [debug] [Thread-4 (]: Using duckdb connection "model.teachable_gmv.stg_purchase_extra_info"
[0m17:20:03.132638 [debug] [Thread-3 (]: Using duckdb connection "model.teachable_gmv.stg_purchase"
[0m17:20:03.132815 [debug] [Thread-2 (]: On model.teachable_gmv.stg_product_item: BEGIN
[0m17:20:03.132996 [debug] [Thread-4 (]: On model.teachable_gmv.stg_purchase_extra_info: BEGIN
[0m17:20:03.133168 [debug] [Thread-1 (]: SQL status: OK in 0.001 seconds
[0m17:20:03.133337 [debug] [Thread-3 (]: On model.teachable_gmv.stg_purchase: BEGIN
[0m17:20:03.133514 [debug] [Thread-2 (]: Opening a new connection, currently in state closed
[0m17:20:03.133678 [debug] [Thread-4 (]: Opening a new connection, currently in state init
[0m17:20:03.133851 [debug] [Thread-1 (]: Using duckdb connection "model.teachable_gmv.stg_order_transaction_cost_hist"
[0m17:20:03.134012 [debug] [Thread-3 (]: Opening a new connection, currently in state init
[0m17:20:03.134344 [debug] [Thread-1 (]: On model.teachable_gmv.stg_order_transaction_cost_hist: /* {"app": "dbt", "dbt_version": "1.10.19", "profile_name": "teachable_gmv", "target_name": "dev", "node_id": "model.teachable_gmv.stg_order_transaction_cost_hist"} */

  
  create view "teachable"."silver"."stg_order_transaction_cost_hist__dbt_tmp" as (
    

/*
    Staging: Order Transaction Cost History

    Deduplicação CDC: mantém apenas a última versão de cada purchase_id
    baseado em transaction_datetime.

    Fonte: raw.order_transaction_cost_hist (eventos CDC)
    Grain: 1 row per purchase_id

    Nota: Esta tabela contém custos (VAT, installment) que não são usados
    no cálculo de GMV, mas estão disponíveis para evolução futura
    (ex: reconciliação com Finance).
*/

with source as (
    select * from "teachable"."raw"."order_transaction_cost_hist"
),

deduplicated as (
    select
        purchase_id,
        purchase_partition,
        order_transaction_cost_vat_value,
        order_transaction_cost_installment_value,
        order_transaction_cost_date,
        transaction_datetime,
        transaction_date
    from source
    qualify row_number() over (
        partition by purchase_id
        order by transaction_datetime desc
    ) = 1
)

select * from deduplicated
  );

[0m17:20:03.134545 [debug] [Thread-2 (]: SQL status: OK in 0.001 seconds
[0m17:20:03.134746 [debug] [Thread-4 (]: SQL status: OK in 0.001 seconds
[0m17:20:03.135028 [debug] [Thread-3 (]: SQL status: OK in 0.001 seconds
[0m17:20:03.135195 [debug] [Thread-2 (]: Using duckdb connection "model.teachable_gmv.stg_product_item"
[0m17:20:03.135375 [debug] [Thread-4 (]: Using duckdb connection "model.teachable_gmv.stg_purchase_extra_info"
[0m17:20:03.135553 [debug] [Thread-1 (]: SQL status: OK in 0.001 seconds
[0m17:20:03.135710 [debug] [Thread-3 (]: Using duckdb connection "model.teachable_gmv.stg_purchase"
[0m17:20:03.135906 [debug] [Thread-2 (]: On model.teachable_gmv.stg_product_item: /* {"app": "dbt", "dbt_version": "1.10.19", "profile_name": "teachable_gmv", "target_name": "dev", "node_id": "model.teachable_gmv.stg_product_item"} */

  
  create view "teachable"."silver"."stg_product_item__dbt_tmp" as (
    

/*
    Staging: Product Item

    Deduplicação CDC: mantém apenas a última versão de cada prod_item_id
    baseado em transaction_datetime.

    Fonte: raw.product_item (eventos CDC)
    Grain: 1 row per prod_item_id

    Nota: purchase_value é o campo usado para cálculo de GMV
*/

with source as (
    select * from "teachable"."raw"."product_item"
),

deduplicated as (
    select
        prod_item_id,
        prod_item_partition,
        product_id,
        item_quantity,
        purchase_value,
        transaction_datetime,
        transaction_date
    from source
    qualify row_number() over (
        partition by prod_item_id
        order by transaction_datetime desc
    ) = 1
)

select * from deduplicated
  );

[0m17:20:03.136124 [debug] [Thread-4 (]: On model.teachable_gmv.stg_purchase_extra_info: /* {"app": "dbt", "dbt_version": "1.10.19", "profile_name": "teachable_gmv", "target_name": "dev", "node_id": "model.teachable_gmv.stg_purchase_extra_info"} */

  
  create view "teachable"."silver"."stg_purchase_extra_info__dbt_tmp" as (
    

/*
    Staging: Purchase Extra Info

    Deduplicação CDC: mantém apenas a última versão de cada purchase_id
    baseado em transaction_datetime.

    Fonte: raw.purchase_extra_info (eventos CDC)
    Grain: 1 row per purchase_id

    Nota: subsidiary é a dimensão chave para agrupamento de GMV
*/

with source as (
    select * from "teachable"."raw"."purchase_extra_info"
),

deduplicated as (
    select
        purchase_id,
        purchase_partition,
        subsidiary,
        transaction_datetime,
        transaction_date
    from source
    qualify row_number() over (
        partition by purchase_id
        order by transaction_datetime desc
    ) = 1
)

select * from deduplicated
  );

[0m17:20:03.139462 [debug] [Thread-1 (]: Using duckdb connection "model.teachable_gmv.stg_order_transaction_cost_hist"
[0m17:20:03.139691 [debug] [Thread-3 (]: On model.teachable_gmv.stg_purchase: /* {"app": "dbt", "dbt_version": "1.10.19", "profile_name": "teachable_gmv", "target_name": "dev", "node_id": "model.teachable_gmv.stg_purchase"} */

  
  create view "teachable"."silver"."stg_purchase__dbt_tmp" as (
    

/*
    Staging: Purchase

    Deduplicação CDC: mantém apenas a última versão de cada purchase_id
    baseado em transaction_datetime.

    Fonte: raw.purchase (eventos CDC)
    Grain: 1 row per purchase_id
*/

with source as (
    select * from "teachable"."raw"."purchase"
),

deduplicated as (
    select
        purchase_id,
        buyer_id,
        prod_item_id,
        order_date,
        release_date,
        producer_id,
        purchase_partition,
        prod_item_partition,
        purchase_total_value,
        purchase_status,
        transaction_datetime,
        transaction_date
    from source
    qualify row_number() over (
        partition by purchase_id
        order by transaction_datetime desc
    ) = 1
)

select * from deduplicated
  );

[0m17:20:03.140109 [debug] [Thread-1 (]: On model.teachable_gmv.stg_order_transaction_cost_hist: /* {"app": "dbt", "dbt_version": "1.10.19", "profile_name": "teachable_gmv", "target_name": "dev", "node_id": "model.teachable_gmv.stg_order_transaction_cost_hist"} */
alter view "teachable"."silver"."stg_order_transaction_cost_hist" rename to "stg_order_transaction_cost_hist__dbt_backup"
[0m17:20:03.140427 [debug] [Thread-4 (]: SQL status: OK in 0.000 seconds
[0m17:20:03.140604 [debug] [Thread-2 (]: SQL status: OK in 0.001 seconds
[0m17:20:03.142495 [debug] [Thread-4 (]: Using duckdb connection "model.teachable_gmv.stg_purchase_extra_info"
[0m17:20:03.144069 [debug] [Thread-2 (]: Using duckdb connection "model.teachable_gmv.stg_product_item"
[0m17:20:03.144242 [debug] [Thread-3 (]: SQL status: OK in 0.004 seconds
[0m17:20:03.144425 [debug] [Thread-1 (]: SQL status: OK in 0.004 seconds
[0m17:20:03.144611 [debug] [Thread-4 (]: On model.teachable_gmv.stg_purchase_extra_info: /* {"app": "dbt", "dbt_version": "1.10.19", "profile_name": "teachable_gmv", "target_name": "dev", "node_id": "model.teachable_gmv.stg_purchase_extra_info"} */
alter view "teachable"."silver"."stg_purchase_extra_info" rename to "stg_purchase_extra_info__dbt_backup"
[0m17:20:03.144813 [debug] [Thread-2 (]: On model.teachable_gmv.stg_product_item: /* {"app": "dbt", "dbt_version": "1.10.19", "profile_name": "teachable_gmv", "target_name": "dev", "node_id": "model.teachable_gmv.stg_product_item"} */
alter view "teachable"."silver"."stg_product_item" rename to "stg_product_item__dbt_backup"
[0m17:20:03.146254 [debug] [Thread-3 (]: Using duckdb connection "model.teachable_gmv.stg_purchase"
[0m17:20:03.147743 [debug] [Thread-1 (]: Using duckdb connection "model.teachable_gmv.stg_order_transaction_cost_hist"
[0m17:20:03.148095 [debug] [Thread-3 (]: On model.teachable_gmv.stg_purchase: /* {"app": "dbt", "dbt_version": "1.10.19", "profile_name": "teachable_gmv", "target_name": "dev", "node_id": "model.teachable_gmv.stg_purchase"} */
alter view "teachable"."silver"."stg_purchase" rename to "stg_purchase__dbt_backup"
[0m17:20:03.148319 [debug] [Thread-1 (]: On model.teachable_gmv.stg_order_transaction_cost_hist: /* {"app": "dbt", "dbt_version": "1.10.19", "profile_name": "teachable_gmv", "target_name": "dev", "node_id": "model.teachable_gmv.stg_order_transaction_cost_hist"} */
alter view "teachable"."silver"."stg_order_transaction_cost_hist__dbt_tmp" rename to "stg_order_transaction_cost_hist"
[0m17:20:03.148493 [debug] [Thread-2 (]: SQL status: OK in 0.000 seconds
[0m17:20:03.148659 [debug] [Thread-4 (]: SQL status: OK in 0.001 seconds
[0m17:20:03.150047 [debug] [Thread-2 (]: Using duckdb connection "model.teachable_gmv.stg_product_item"
[0m17:20:03.150254 [debug] [Thread-3 (]: SQL status: OK in 0.001 seconds
[0m17:20:03.151507 [debug] [Thread-4 (]: Using duckdb connection "model.teachable_gmv.stg_purchase_extra_info"
[0m17:20:03.151672 [debug] [Thread-1 (]: SQL status: OK in 0.003 seconds
[0m17:20:03.151852 [debug] [Thread-2 (]: On model.teachable_gmv.stg_product_item: /* {"app": "dbt", "dbt_version": "1.10.19", "profile_name": "teachable_gmv", "target_name": "dev", "node_id": "model.teachable_gmv.stg_product_item"} */
alter view "teachable"."silver"."stg_product_item__dbt_tmp" rename to "stg_product_item"
[0m17:20:03.153264 [debug] [Thread-3 (]: Using duckdb connection "model.teachable_gmv.stg_purchase"
[0m17:20:03.153448 [debug] [Thread-4 (]: On model.teachable_gmv.stg_purchase_extra_info: /* {"app": "dbt", "dbt_version": "1.10.19", "profile_name": "teachable_gmv", "target_name": "dev", "node_id": "model.teachable_gmv.stg_purchase_extra_info"} */
alter view "teachable"."silver"."stg_purchase_extra_info__dbt_tmp" rename to "stg_purchase_extra_info"
[0m17:20:03.159566 [debug] [Thread-1 (]: On model.teachable_gmv.stg_order_transaction_cost_hist: COMMIT
[0m17:20:03.159853 [debug] [Thread-3 (]: On model.teachable_gmv.stg_purchase: /* {"app": "dbt", "dbt_version": "1.10.19", "profile_name": "teachable_gmv", "target_name": "dev", "node_id": "model.teachable_gmv.stg_purchase"} */
alter view "teachable"."silver"."stg_purchase__dbt_tmp" rename to "stg_purchase"
[0m17:20:03.160115 [debug] [Thread-1 (]: Using duckdb connection "model.teachable_gmv.stg_order_transaction_cost_hist"
[0m17:20:03.160279 [debug] [Thread-2 (]: SQL status: OK in 0.001 seconds
[0m17:20:03.160468 [debug] [Thread-4 (]: SQL status: OK in 0.000 seconds
[0m17:20:03.160715 [debug] [Thread-1 (]: On model.teachable_gmv.stg_order_transaction_cost_hist: COMMIT
[0m17:20:03.161370 [debug] [Thread-2 (]: On model.teachable_gmv.stg_product_item: COMMIT
[0m17:20:03.161543 [debug] [Thread-3 (]: SQL status: OK in 0.001 seconds
[0m17:20:03.162206 [debug] [Thread-4 (]: On model.teachable_gmv.stg_purchase_extra_info: COMMIT
[0m17:20:03.162481 [debug] [Thread-2 (]: Using duckdb connection "model.teachable_gmv.stg_product_item"
[0m17:20:03.163117 [debug] [Thread-3 (]: On model.teachable_gmv.stg_purchase: COMMIT
[0m17:20:03.163329 [debug] [Thread-4 (]: Using duckdb connection "model.teachable_gmv.stg_purchase_extra_info"
[0m17:20:03.163486 [debug] [Thread-1 (]: SQL status: OK in 0.001 seconds
[0m17:20:03.163643 [debug] [Thread-2 (]: On model.teachable_gmv.stg_product_item: COMMIT
[0m17:20:03.163800 [debug] [Thread-3 (]: Using duckdb connection "model.teachable_gmv.stg_purchase"
[0m17:20:03.163957 [debug] [Thread-4 (]: On model.teachable_gmv.stg_purchase_extra_info: COMMIT
[0m17:20:03.166937 [debug] [Thread-1 (]: Using duckdb connection "model.teachable_gmv.stg_order_transaction_cost_hist"
[0m17:20:03.167191 [debug] [Thread-3 (]: On model.teachable_gmv.stg_purchase: COMMIT
[0m17:20:03.167439 [debug] [Thread-1 (]: On model.teachable_gmv.stg_order_transaction_cost_hist: /* {"app": "dbt", "dbt_version": "1.10.19", "profile_name": "teachable_gmv", "target_name": "dev", "node_id": "model.teachable_gmv.stg_order_transaction_cost_hist"} */

      drop view if exists "teachable"."silver"."stg_order_transaction_cost_hist__dbt_backup" cascade
    
[0m17:20:03.167627 [debug] [Thread-2 (]: SQL status: OK in 0.000 seconds
[0m17:20:03.167867 [debug] [Thread-4 (]: SQL status: OK in 0.000 seconds
[0m17:20:03.168940 [debug] [Thread-2 (]: Using duckdb connection "model.teachable_gmv.stg_product_item"
[0m17:20:03.169936 [debug] [Thread-4 (]: Using duckdb connection "model.teachable_gmv.stg_purchase_extra_info"
[0m17:20:03.170126 [debug] [Thread-3 (]: SQL status: OK in 0.002 seconds
[0m17:20:03.170302 [debug] [Thread-2 (]: On model.teachable_gmv.stg_product_item: /* {"app": "dbt", "dbt_version": "1.10.19", "profile_name": "teachable_gmv", "target_name": "dev", "node_id": "model.teachable_gmv.stg_product_item"} */

      drop view if exists "teachable"."silver"."stg_product_item__dbt_backup" cascade
    
[0m17:20:03.170480 [debug] [Thread-1 (]: SQL status: OK in 0.003 seconds
[0m17:20:03.170653 [debug] [Thread-4 (]: On model.teachable_gmv.stg_purchase_extra_info: /* {"app": "dbt", "dbt_version": "1.10.19", "profile_name": "teachable_gmv", "target_name": "dev", "node_id": "model.teachable_gmv.stg_purchase_extra_info"} */

      drop view if exists "teachable"."silver"."stg_purchase_extra_info__dbt_backup" cascade
    
[0m17:20:03.171758 [debug] [Thread-3 (]: Using duckdb connection "model.teachable_gmv.stg_purchase"
[0m17:20:03.173082 [debug] [Thread-1 (]: On model.teachable_gmv.stg_order_transaction_cost_hist: Close
[0m17:20:03.173362 [debug] [Thread-3 (]: On model.teachable_gmv.stg_purchase: /* {"app": "dbt", "dbt_version": "1.10.19", "profile_name": "teachable_gmv", "target_name": "dev", "node_id": "model.teachable_gmv.stg_purchase"} */

      drop view if exists "teachable"."silver"."stg_purchase__dbt_backup" cascade
    
[0m17:20:03.173546 [debug] [Thread-2 (]: SQL status: OK in 0.002 seconds
[0m17:20:03.173723 [debug] [Thread-4 (]: SQL status: OK in 0.000 seconds
[0m17:20:03.174752 [debug] [Thread-2 (]: On model.teachable_gmv.stg_product_item: Close
[0m17:20:03.175285 [debug] [Thread-3 (]: SQL status: OK in 0.001 seconds
[0m17:20:03.175935 [debug] [Thread-4 (]: On model.teachable_gmv.stg_purchase_extra_info: Close
[0m17:20:03.176727 [debug] [Thread-3 (]: On model.teachable_gmv.stg_purchase: Close
[0m17:20:03.177122 [debug] [Thread-1 (]: Sending event: {'category': 'dbt', 'action': 'run_model', 'label': 'ccd458f6-5bdf-4a82-b38e-7763b0f35576', 'context': [<snowplow_tracker.self_describing_json.SelfDescribingJson object at 0x1090471d0>]}
[0m17:20:03.177295 [debug] [Thread-2 (]: Sending event: {'category': 'dbt', 'action': 'run_model', 'label': 'ccd458f6-5bdf-4a82-b38e-7763b0f35576', 'context': [<snowplow_tracker.self_describing_json.SelfDescribingJson object at 0x109395390>]}
[0m17:20:03.177617 [info ] [Thread-1 (]: 1 of 6 OK created sql view model silver.stg_order_transaction_cost_hist ........ [[32mOK[0m in 0.12s]
[0m17:20:03.178128 [debug] [Thread-4 (]: Sending event: {'category': 'dbt', 'action': 'run_model', 'label': 'ccd458f6-5bdf-4a82-b38e-7763b0f35576', 'context': [<snowplow_tracker.self_describing_json.SelfDescribingJson object at 0x109535130>]}
[0m17:20:03.178458 [debug] [Thread-1 (]: Finished running node model.teachable_gmv.stg_order_transaction_cost_hist
[0m17:20:03.178606 [debug] [Thread-3 (]: Sending event: {'category': 'dbt', 'action': 'run_model', 'label': 'ccd458f6-5bdf-4a82-b38e-7763b0f35576', 'context': [<snowplow_tracker.self_describing_json.SelfDescribingJson object at 0x109482330>]}
[0m17:20:03.177920 [info ] [Thread-2 (]: 2 of 6 OK created sql view model silver.stg_product_item ....................... [[32mOK[0m in 0.12s]
[0m17:20:03.178947 [info ] [Thread-4 (]: 4 of 6 OK created sql view model silver.stg_purchase_extra_info ................ [[32mOK[0m in 0.12s]
[0m17:20:03.179583 [debug] [Thread-2 (]: Finished running node model.teachable_gmv.stg_product_item
[0m17:20:03.179322 [info ] [Thread-3 (]: 3 of 6 OK created sql view model silver.stg_purchase ........................... [[32mOK[0m in 0.12s]
[0m17:20:03.179893 [debug] [Thread-4 (]: Finished running node model.teachable_gmv.stg_purchase_extra_info
[0m17:20:03.180194 [debug] [Thread-3 (]: Finished running node model.teachable_gmv.stg_purchase
[0m17:20:03.180564 [debug] [Thread-1 (]: Began running node model.teachable_gmv.int_purchase_enriched
[0m17:20:03.180844 [info ] [Thread-1 (]: 5 of 6 START sql view model silver.int_purchase_enriched ....................... [RUN]
[0m17:20:03.181101 [debug] [Thread-1 (]: Re-using an available connection from the pool (formerly model.teachable_gmv.stg_order_transaction_cost_hist, now model.teachable_gmv.int_purchase_enriched)
[0m17:20:03.181289 [debug] [Thread-1 (]: Began compiling node model.teachable_gmv.int_purchase_enriched
[0m17:20:03.183353 [debug] [Thread-1 (]: Writing injected SQL for node "model.teachable_gmv.int_purchase_enriched"
[0m17:20:03.183948 [debug] [Thread-1 (]: Began executing node model.teachable_gmv.int_purchase_enriched
[0m17:20:03.185904 [debug] [Thread-1 (]: Writing runtime sql for node "model.teachable_gmv.int_purchase_enriched"
[0m17:20:03.187461 [debug] [Thread-1 (]: Using duckdb connection "model.teachable_gmv.int_purchase_enriched"
[0m17:20:03.187672 [debug] [Thread-1 (]: On model.teachable_gmv.int_purchase_enriched: BEGIN
[0m17:20:03.187845 [debug] [Thread-1 (]: Opening a new connection, currently in state closed
[0m17:20:03.188258 [debug] [Thread-1 (]: SQL status: OK in 0.000 seconds
[0m17:20:03.188426 [debug] [Thread-1 (]: Using duckdb connection "model.teachable_gmv.int_purchase_enriched"
[0m17:20:03.188644 [debug] [Thread-1 (]: On model.teachable_gmv.int_purchase_enriched: /* {"app": "dbt", "dbt_version": "1.10.19", "profile_name": "teachable_gmv", "target_name": "dev", "node_id": "model.teachable_gmv.int_purchase_enriched"} */

  
  create view "teachable"."silver"."int_purchase_enriched__dbt_tmp" as (
    

/*
    Intermediate: Purchase Enriched

    Consolida as stagings em uma única visão desnormalizada,
    preparando os dados para a camada gold.

    Joins:
    - stg_purchase (base)
    - stg_product_item (via prod_item_id) -> purchase_value para GMV
    - stg_purchase_extra_info (via purchase_id) -> subsidiary para agrupamento

    Grain: 1 row per purchase_id

    Esta tabela entrega todos os campos necessários para a gold
    calcular GMV por subsidiary sem necessidade de joins adicionais.

    Requisito atendido: "Simple to query by non-expert SQL users (no joins needed)"
*/

with purchase as (
    select * from "teachable"."silver"."stg_purchase"
),

product_item as (
    select * from "teachable"."silver"."stg_product_item"
),

purchase_extra_info as (
    select * from "teachable"."silver"."stg_purchase_extra_info"
),

enriched as (
    select
        -- Identificadores
        p.purchase_id,
        p.buyer_id,
        p.producer_id,
        pi.product_id,

        -- Dimensões temporais
        p.transaction_date,
        p.order_date,
        p.release_date,

        -- Dimensões de negócio
        pei.subsidiary,
        p.purchase_status,

        -- Métricas
        pi.purchase_value,
        pi.item_quantity,

        -- Campos técnicos (para auditoria/debug)
        p.prod_item_id,
        greatest(
            p.transaction_datetime,
            coalesce(pi.transaction_datetime, p.transaction_datetime),
            coalesce(pei.transaction_datetime, p.transaction_datetime)
        ) as last_updated_at

    from purchase p
    left join product_item pi
        on p.prod_item_id = pi.prod_item_id
    left join purchase_extra_info pei
        on p.purchase_id = pei.purchase_id
)

select * from enriched
  );

[0m17:20:03.190057 [debug] [Thread-1 (]: SQL status: OK in 0.001 seconds
[0m17:20:03.191676 [debug] [Thread-1 (]: Using duckdb connection "model.teachable_gmv.int_purchase_enriched"
[0m17:20:03.191878 [debug] [Thread-1 (]: On model.teachable_gmv.int_purchase_enriched: /* {"app": "dbt", "dbt_version": "1.10.19", "profile_name": "teachable_gmv", "target_name": "dev", "node_id": "model.teachable_gmv.int_purchase_enriched"} */
alter view "teachable"."silver"."int_purchase_enriched" rename to "int_purchase_enriched__dbt_backup"
[0m17:20:03.192321 [debug] [Thread-1 (]: SQL status: OK in 0.000 seconds
[0m17:20:03.193666 [debug] [Thread-1 (]: Using duckdb connection "model.teachable_gmv.int_purchase_enriched"
[0m17:20:03.193848 [debug] [Thread-1 (]: On model.teachable_gmv.int_purchase_enriched: /* {"app": "dbt", "dbt_version": "1.10.19", "profile_name": "teachable_gmv", "target_name": "dev", "node_id": "model.teachable_gmv.int_purchase_enriched"} */
alter view "teachable"."silver"."int_purchase_enriched__dbt_tmp" rename to "int_purchase_enriched"
[0m17:20:03.194184 [debug] [Thread-1 (]: SQL status: OK in 0.000 seconds
[0m17:20:03.194813 [debug] [Thread-1 (]: On model.teachable_gmv.int_purchase_enriched: COMMIT
[0m17:20:03.195190 [debug] [Thread-1 (]: Using duckdb connection "model.teachable_gmv.int_purchase_enriched"
[0m17:20:03.195379 [debug] [Thread-1 (]: On model.teachable_gmv.int_purchase_enriched: COMMIT
[0m17:20:03.196093 [debug] [Thread-1 (]: SQL status: OK in 0.000 seconds
[0m17:20:03.197642 [debug] [Thread-1 (]: Using duckdb connection "model.teachable_gmv.int_purchase_enriched"
[0m17:20:03.197852 [debug] [Thread-1 (]: On model.teachable_gmv.int_purchase_enriched: /* {"app": "dbt", "dbt_version": "1.10.19", "profile_name": "teachable_gmv", "target_name": "dev", "node_id": "model.teachable_gmv.int_purchase_enriched"} */

      drop view if exists "teachable"."silver"."int_purchase_enriched__dbt_backup" cascade
    
[0m17:20:03.198564 [debug] [Thread-1 (]: SQL status: OK in 0.001 seconds
[0m17:20:03.200077 [debug] [Thread-1 (]: On model.teachable_gmv.int_purchase_enriched: Close
[0m17:20:03.200440 [debug] [Thread-1 (]: Sending event: {'category': 'dbt', 'action': 'run_model', 'label': 'ccd458f6-5bdf-4a82-b38e-7763b0f35576', 'context': [<snowplow_tracker.self_describing_json.SelfDescribingJson object at 0x109448fa0>]}
[0m17:20:03.200800 [info ] [Thread-1 (]: 5 of 6 OK created sql view model silver.int_purchase_enriched .................. [[32mOK[0m in 0.02s]
[0m17:20:03.201131 [debug] [Thread-1 (]: Finished running node model.teachable_gmv.int_purchase_enriched
[0m17:20:03.201483 [debug] [Thread-2 (]: Began running node model.teachable_gmv.fact_gmv_snapshot
[0m17:20:03.201746 [info ] [Thread-2 (]: 6 of 6 START sql incremental model gold.fact_gmv_snapshot ...................... [RUN]
[0m17:20:03.201997 [debug] [Thread-2 (]: Re-using an available connection from the pool (formerly model.teachable_gmv.stg_product_item, now model.teachable_gmv.fact_gmv_snapshot)
[0m17:20:03.202181 [debug] [Thread-2 (]: Began compiling node model.teachable_gmv.fact_gmv_snapshot
[0m17:20:03.207231 [debug] [Thread-2 (]: Writing injected SQL for node "model.teachable_gmv.fact_gmv_snapshot"
[0m17:20:03.207748 [debug] [Thread-2 (]: Began executing node model.teachable_gmv.fact_gmv_snapshot
[0m17:20:03.231092 [debug] [Thread-2 (]: Using duckdb connection "model.teachable_gmv.fact_gmv_snapshot"
[0m17:20:03.231437 [debug] [Thread-2 (]: On model.teachable_gmv.fact_gmv_snapshot: /* {"app": "dbt", "dbt_version": "1.10.19", "profile_name": "teachable_gmv", "target_name": "dev", "node_id": "model.teachable_gmv.fact_gmv_snapshot"} */

    
  
    
    

    create temporary table
      "fact_gmv_snapshot__dbt_tmp20260121172003225346"
  
    as (
      

/*
    Gold: fact_gmv_snapshot

    Tabela fact de GMV com snapshot diário, atendendo os 9 requisitos do case:

    1. GMV só de released transactions -> is_valid_for_gmv flag
    2. Late arrivals -> snapshot captura estado atual
    3. Imutabilidade -> append-only, nunca UPDATE/DELETE
    4. As-of queries -> snapshot_date como filtro
    5. Current/historical/lineage -> filtros simples
    6. Simples (no joins) -> desnormalizada
    7. Partição transaction_date -> particionada por transaction_date
    8. D-1 batches -> snapshot_date = CURRENT_DATE
    9. Reprocessing não reescreve -> append-only

    Grain: (purchase_id, snapshot_date)
    Partição: transaction_date

    Queries típicas:
    - GMV atual: WHERE snapshot_date = (SELECT MAX(snapshot_date) FROM ...) AND is_valid_for_gmv = true
    - As-of: WHERE snapshot_date = '2023-03-31' AND is_valid_for_gmv = true
*/

with source as (
    select * from "teachable"."silver"."int_purchase_enriched"
),

snapshot as (
    select
        -- Chave primária composta
        purchase_id,
        current_date as snapshot_date,

        -- Partição (transaction_date) - cumpre requisito #7
        transaction_date,

        -- Dimensões temporais
        order_date,
        release_date,

        -- Dimensões de negócio
        subsidiary,
        buyer_id,
        producer_id,
        product_id,
        purchase_status,

        -- Métricas
        purchase_value,
        item_quantity,

        -- Flag para cálculo de GMV - cumpre requisito #1
        -- GMV = apenas transações com pagamento capturado (release_date preenchido)
        -- e não canceladas (status APROVADA)
        (release_date is not null and purchase_status = 'APROVADA') as is_valid_for_gmv,

        -- Auditoria
        last_updated_at

    from source
)

select * from snapshot

where not exists (
    select 1
    from "teachable"."gold"."fact_gmv_snapshot" existing
    where existing.purchase_id = snapshot.purchase_id
      and existing.snapshot_date = current_date
)

    );
  
  
  
[0m17:20:03.231912 [debug] [Thread-2 (]: Opening a new connection, currently in state closed
[0m17:20:03.250696 [debug] [Thread-2 (]: SQL status: OK in 0.019 seconds
[0m17:20:03.255904 [debug] [Thread-2 (]: Using duckdb connection "model.teachable_gmv.fact_gmv_snapshot"
[0m17:20:03.256221 [debug] [Thread-2 (]: On model.teachable_gmv.fact_gmv_snapshot: BEGIN
[0m17:20:03.256617 [debug] [Thread-2 (]: SQL status: OK in 0.000 seconds
[0m17:20:03.256800 [debug] [Thread-2 (]: Using duckdb connection "model.teachable_gmv.fact_gmv_snapshot"
[0m17:20:03.256975 [debug] [Thread-2 (]: On model.teachable_gmv.fact_gmv_snapshot: /* {"app": "dbt", "dbt_version": "1.10.19", "profile_name": "teachable_gmv", "target_name": "dev", "node_id": "model.teachable_gmv.fact_gmv_snapshot"} */

      select
          column_name,
          data_type,
          character_maximum_length,
          numeric_precision,
          numeric_scale

      from system.information_schema.columns
      where table_name = 'fact_gmv_snapshot__dbt_tmp20260121172003225346'
      
      
      order by ordinal_position

  
[0m17:20:03.259023 [debug] [Thread-2 (]: SQL status: OK in 0.002 seconds
[0m17:20:03.262142 [debug] [Thread-2 (]: Using duckdb connection "model.teachable_gmv.fact_gmv_snapshot"
[0m17:20:03.262354 [debug] [Thread-2 (]: On model.teachable_gmv.fact_gmv_snapshot: /* {"app": "dbt", "dbt_version": "1.10.19", "profile_name": "teachable_gmv", "target_name": "dev", "node_id": "model.teachable_gmv.fact_gmv_snapshot"} */

      select
          column_name,
          data_type,
          character_maximum_length,
          numeric_precision,
          numeric_scale

      from system.information_schema.columns
      where table_name = 'fact_gmv_snapshot'
      
      and lower(table_schema) = 'gold'
      
      
      and lower(table_catalog) = 'teachable'
      
      order by ordinal_position

  
[0m17:20:03.263936 [debug] [Thread-2 (]: SQL status: OK in 0.001 seconds
[0m17:20:03.268639 [debug] [Thread-2 (]: Using duckdb connection "model.teachable_gmv.fact_gmv_snapshot"
[0m17:20:03.268891 [debug] [Thread-2 (]: On model.teachable_gmv.fact_gmv_snapshot: /* {"app": "dbt", "dbt_version": "1.10.19", "profile_name": "teachable_gmv", "target_name": "dev", "node_id": "model.teachable_gmv.fact_gmv_snapshot"} */

      select
          column_name,
          data_type,
          character_maximum_length,
          numeric_precision,
          numeric_scale

      from system.information_schema.columns
      where table_name = 'fact_gmv_snapshot'
      
      and lower(table_schema) = 'gold'
      
      
      and lower(table_catalog) = 'teachable'
      
      order by ordinal_position

  
[0m17:20:03.271064 [debug] [Thread-2 (]: SQL status: OK in 0.002 seconds
[0m17:20:03.272074 [debug] [Thread-2 (]: Using duckdb connection "model.teachable_gmv.fact_gmv_snapshot"
[0m17:20:03.272263 [debug] [Thread-2 (]: On model.teachable_gmv.fact_gmv_snapshot: /* {"app": "dbt", "dbt_version": "1.10.19", "profile_name": "teachable_gmv", "target_name": "dev", "node_id": "model.teachable_gmv.fact_gmv_snapshot"} */
SELECT version()
[0m17:20:03.272574 [debug] [Thread-2 (]: SQL status: OK in 0.000 seconds
[0m17:20:03.276397 [debug] [Thread-2 (]: Writing runtime sql for node "model.teachable_gmv.fact_gmv_snapshot"
[0m17:20:03.276824 [debug] [Thread-2 (]: Using duckdb connection "model.teachable_gmv.fact_gmv_snapshot"
[0m17:20:03.277015 [debug] [Thread-2 (]: On model.teachable_gmv.fact_gmv_snapshot: /* {"app": "dbt", "dbt_version": "1.10.19", "profile_name": "teachable_gmv", "target_name": "dev", "node_id": "model.teachable_gmv.fact_gmv_snapshot"} */
insert into "teachable"."gold"."fact_gmv_snapshot" ("purchase_id", "snapshot_date", "transaction_date", "order_date", "release_date", "subsidiary", "buyer_id", "producer_id", "product_id", "purchase_status", "purchase_value", "item_quantity", "is_valid_for_gmv", "last_updated_at")
    (
        select "purchase_id", "snapshot_date", "transaction_date", "order_date", "release_date", "subsidiary", "buyer_id", "producer_id", "product_id", "purchase_status", "purchase_value", "item_quantity", "is_valid_for_gmv", "last_updated_at"
        from "fact_gmv_snapshot__dbt_tmp20260121172003225346"
    )


  
[0m17:20:03.278295 [debug] [Thread-2 (]: SQL status: OK in 0.001 seconds
[0m17:20:03.279007 [debug] [Thread-2 (]: On model.teachable_gmv.fact_gmv_snapshot: COMMIT
[0m17:20:03.279213 [debug] [Thread-2 (]: Using duckdb connection "model.teachable_gmv.fact_gmv_snapshot"
[0m17:20:03.279413 [debug] [Thread-2 (]: On model.teachable_gmv.fact_gmv_snapshot: COMMIT
[0m17:20:03.279933 [debug] [Thread-2 (]: SQL status: OK in 0.000 seconds
[0m17:20:03.280402 [debug] [Thread-2 (]: On model.teachable_gmv.fact_gmv_snapshot: Close
[0m17:20:03.280716 [debug] [Thread-2 (]: Sending event: {'category': 'dbt', 'action': 'run_model', 'label': 'ccd458f6-5bdf-4a82-b38e-7763b0f35576', 'context': [<snowplow_tracker.self_describing_json.SelfDescribingJson object at 0x10947ca10>]}
[0m17:20:03.281036 [info ] [Thread-2 (]: 6 of 6 OK created sql incremental model gold.fact_gmv_snapshot ................. [[32mOK[0m in 0.08s]
[0m17:20:03.281310 [debug] [Thread-2 (]: Finished running node model.teachable_gmv.fact_gmv_snapshot
[0m17:20:03.281936 [debug] [MainThread]: Using duckdb connection "master"
[0m17:20:03.282094 [debug] [MainThread]: On master: BEGIN
[0m17:20:03.282227 [debug] [MainThread]: Opening a new connection, currently in state closed
[0m17:20:03.282509 [debug] [MainThread]: SQL status: OK in 0.000 seconds
[0m17:20:03.282645 [debug] [MainThread]: On master: COMMIT
[0m17:20:03.282780 [debug] [MainThread]: Using duckdb connection "master"
[0m17:20:03.282906 [debug] [MainThread]: On master: COMMIT
[0m17:20:03.283115 [debug] [MainThread]: SQL status: OK in 0.000 seconds
[0m17:20:03.283246 [debug] [MainThread]: On master: Close
[0m17:20:03.283417 [debug] [MainThread]: Connection 'master' was properly closed.
[0m17:20:03.283540 [debug] [MainThread]: Connection 'model.teachable_gmv.int_purchase_enriched' was properly closed.
[0m17:20:03.283654 [debug] [MainThread]: Connection 'model.teachable_gmv.fact_gmv_snapshot' was properly closed.
[0m17:20:03.283763 [debug] [MainThread]: Connection 'model.teachable_gmv.stg_purchase_extra_info' was properly closed.
[0m17:20:03.283877 [debug] [MainThread]: Connection 'model.teachable_gmv.stg_purchase' was properly closed.
[0m17:20:03.284043 [info ] [MainThread]: 
[0m17:20:03.284194 [info ] [MainThread]: Finished running 1 incremental model, 5 view models in 0 hours 0 minutes and 0.33 seconds (0.33s).
[0m17:20:03.284805 [debug] [MainThread]: Command end result
[0m17:20:03.303887 [debug] [MainThread]: Wrote artifact WritableManifest to /Users/davidlima/wspace/Teachable-Interview/teachable_davifati_dataengineeringprincipal_technicalcase/dbt_project/target/manifest.json
[0m17:20:03.305118 [debug] [MainThread]: Wrote artifact SemanticManifest to /Users/davidlima/wspace/Teachable-Interview/teachable_davifati_dataengineeringprincipal_technicalcase/dbt_project/target/semantic_manifest.json
[0m17:20:03.308897 [debug] [MainThread]: Wrote artifact RunExecutionResult to /Users/davidlima/wspace/Teachable-Interview/teachable_davifati_dataengineeringprincipal_technicalcase/dbt_project/target/run_results.json
[0m17:20:03.309073 [info ] [MainThread]: 
[0m17:20:03.309265 [info ] [MainThread]: [32mCompleted successfully[0m
[0m17:20:03.309414 [info ] [MainThread]: 
[0m17:20:03.309582 [info ] [MainThread]: Done. PASS=6 WARN=0 ERROR=0 SKIP=0 NO-OP=0 TOTAL=6
[0m17:20:03.311430 [debug] [MainThread]: Resource report: {"command_name": "run", "command_success": true, "command_wall_clock_time": 0.80057573, "process_in_blocks": "0", "process_kernel_time": 0.19245, "process_mem_max_rss": "166002688", "process_out_blocks": "0", "process_user_time": 1.340773}
[0m17:20:03.311734 [debug] [MainThread]: Command `dbt run` succeeded at 17:20:03.311642 after 0.80 seconds
[0m17:20:03.311930 [debug] [MainThread]: Sending event: {'category': 'dbt', 'action': 'invocation', 'label': 'end', 'context': [<snowplow_tracker.self_describing_json.SelfDescribingJson object at 0x107c92870>, <snowplow_tracker.self_describing_json.SelfDescribingJson object at 0x108c407d0>, <snowplow_tracker.self_describing_json.SelfDescribingJson object at 0x108a44c50>]}
[0m17:20:03.312109 [debug] [MainThread]: Flushing usage events
[0m17:20:04.060168 [debug] [MainThread]: An error was encountered while trying to flush usage events
[0m18:36:47.143898 [debug] [MainThread]: Sending event: {'category': 'dbt', 'action': 'invocation', 'label': 'start', 'context': [<snowplow_tracker.self_describing_json.SelfDescribingJson object at 0x103f681a0>, <snowplow_tracker.self_describing_json.SelfDescribingJson object at 0x104db7b10>, <snowplow_tracker.self_describing_json.SelfDescribingJson object at 0x104db7c50>]}


============================== 18:36:47.148269 | 1bb77130-6b35-4027-a309-3991bf6a8b37 ==============================
[0m18:36:47.148269 [info ] [MainThread]: Running with dbt=1.10.19
[0m18:36:47.148654 [debug] [MainThread]: running dbt with arguments {'profiles_dir': '/Users/davidlima/wspace/Teachable-Interview/teachable_davifati_dataengineeringprincipal_technicalcase/dbt_project', 'fail_fast': 'False', 'use_experimental_parser': 'False', 'static_parser': 'True', 'invocation_command': 'dbt compile --select v_gmv_current', 'cache_selected_only': 'False', 'quiet': 'False', 'empty': 'False', 'version_check': 'True', 'write_json': 'True', 'log_cache_events': 'False', 'indirect_selection': 'eager', 'warn_error_options': 'WarnErrorOptionsV2(error=[], warn=[], silence=[])', 'debug': 'False', 'printer_width': '80', 'partial_parse': 'True', 'target_path': 'None', 'use_colors': 'True', 'no_print': 'None', 'send_anonymous_usage_stats': 'True', 'introspect': 'True', 'warn_error': 'None', 'log_format': 'default', 'log_path': '/Users/davidlima/wspace/Teachable-Interview/teachable_davifati_dataengineeringprincipal_technicalcase/dbt_project/logs'}
[0m18:36:47.393162 [debug] [MainThread]: Sending event: {'category': 'dbt', 'action': 'project_id', 'label': '1bb77130-6b35-4027-a309-3991bf6a8b37', 'context': [<snowplow_tracker.self_describing_json.SelfDescribingJson object at 0x104128050>]}
[0m18:36:47.424235 [debug] [MainThread]: Sending event: {'category': 'dbt', 'action': 'adapter_info', 'label': '1bb77130-6b35-4027-a309-3991bf6a8b37', 'context': [<snowplow_tracker.self_describing_json.SelfDescribingJson object at 0x104c7fdf0>]}
[0m18:36:47.425902 [info ] [MainThread]: Registered adapter: duckdb=1.10.0
[0m18:36:47.499405 [debug] [MainThread]: checksum: c35ba6d374a0901ceb00688d5179d5550885e1756283b03e5e81c28e0d8d2248, vars: {}, profile: , target: , version: 1.10.19
[0m18:36:47.586805 [debug] [MainThread]: Partial parsing enabled: 0 files deleted, 1 files added, 1 files changed.
[0m18:36:47.587354 [debug] [MainThread]: Partial parsing: added file: teachable_gmv://models/gold/v_gmv_current.sql
[0m18:36:47.587623 [debug] [MainThread]: Partial parsing: updated file: teachable_gmv://models/gold/schema.yml
[0m18:36:47.837465 [debug] [MainThread]: Sending event: {'category': 'dbt', 'action': 'load_project', 'label': '1bb77130-6b35-4027-a309-3991bf6a8b37', 'context': [<snowplow_tracker.self_describing_json.SelfDescribingJson object at 0x10538d750>]}
[0m18:36:47.887541 [debug] [MainThread]: Wrote artifact WritableManifest to /Users/davidlima/wspace/Teachable-Interview/teachable_davifati_dataengineeringprincipal_technicalcase/dbt_project/target/manifest.json
[0m18:36:47.890711 [debug] [MainThread]: Wrote artifact SemanticManifest to /Users/davidlima/wspace/Teachable-Interview/teachable_davifati_dataengineeringprincipal_technicalcase/dbt_project/target/semantic_manifest.json
[0m18:36:47.903417 [debug] [MainThread]: Sending event: {'category': 'dbt', 'action': 'resource_counts', 'label': '1bb77130-6b35-4027-a309-3991bf6a8b37', 'context': [<snowplow_tracker.self_describing_json.SelfDescribingJson object at 0x1052c5400>]}
[0m18:36:47.903679 [info ] [MainThread]: Found 7 models, 7 data tests, 4 sources, 473 macros
[0m18:36:47.903852 [debug] [MainThread]: Sending event: {'category': 'dbt', 'action': 'runnable_timing', 'label': '1bb77130-6b35-4027-a309-3991bf6a8b37', 'context': [<snowplow_tracker.self_describing_json.SelfDescribingJson object at 0x10505d0f0>]}
[0m18:36:47.904741 [info ] [MainThread]: 
[0m18:36:47.904916 [info ] [MainThread]: Concurrency: 4 threads (target='dev')
[0m18:36:47.905057 [info ] [MainThread]: 
[0m18:36:47.905296 [debug] [MainThread]: Acquiring new duckdb connection 'master'
[0m18:36:47.907856 [debug] [ThreadPool]: Acquiring new duckdb connection 'list_teachable_gold'
[0m18:36:47.913702 [debug] [ThreadPool]: Acquiring new duckdb connection 'list_teachable_silver'
[0m18:36:47.949647 [debug] [ThreadPool]: Using duckdb connection "list_teachable_gold"
[0m18:36:47.949880 [debug] [ThreadPool]: Using duckdb connection "list_teachable_silver"
[0m18:36:47.950045 [debug] [ThreadPool]: On list_teachable_gold: BEGIN
[0m18:36:47.950197 [debug] [ThreadPool]: On list_teachable_silver: BEGIN
[0m18:36:47.950342 [debug] [ThreadPool]: Opening a new connection, currently in state init
[0m18:36:47.950484 [debug] [ThreadPool]: Opening a new connection, currently in state init
[0m18:36:47.964983 [debug] [ThreadPool]: SQL status: OK in 0.015 seconds
[0m18:36:47.965208 [debug] [ThreadPool]: SQL status: OK in 0.015 seconds
[0m18:36:47.965397 [debug] [ThreadPool]: Using duckdb connection "list_teachable_gold"
[0m18:36:47.965553 [debug] [ThreadPool]: Using duckdb connection "list_teachable_silver"
[0m18:36:47.965713 [debug] [ThreadPool]: On list_teachable_gold: /* {"app": "dbt", "dbt_version": "1.10.19", "profile_name": "teachable_gmv", "target_name": "dev", "connection_name": "list_teachable_gold"} */
select
      'teachable' as database,
      table_name as name,
      table_schema as schema,
      CASE table_type
        WHEN 'BASE TABLE' THEN 'table'
        WHEN 'VIEW' THEN 'view'
        WHEN 'LOCAL TEMPORARY' THEN 'table'
        END as type
    from system.information_schema.tables
    where lower(table_schema) = 'gold'
    and lower(table_catalog) = 'teachable'
  
[0m18:36:47.965876 [debug] [ThreadPool]: On list_teachable_silver: /* {"app": "dbt", "dbt_version": "1.10.19", "profile_name": "teachable_gmv", "target_name": "dev", "connection_name": "list_teachable_silver"} */
select
      'teachable' as database,
      table_name as name,
      table_schema as schema,
      CASE table_type
        WHEN 'BASE TABLE' THEN 'table'
        WHEN 'VIEW' THEN 'view'
        WHEN 'LOCAL TEMPORARY' THEN 'table'
        END as type
    from system.information_schema.tables
    where lower(table_schema) = 'silver'
    and lower(table_catalog) = 'teachable'
  
[0m18:36:47.982735 [debug] [ThreadPool]: SQL status: OK in 0.017 seconds
[0m18:36:47.982978 [debug] [ThreadPool]: SQL status: OK in 0.017 seconds
[0m18:36:47.983885 [debug] [ThreadPool]: On list_teachable_silver: ROLLBACK
[0m18:36:47.984627 [debug] [ThreadPool]: On list_teachable_gold: ROLLBACK
[0m18:36:47.985478 [debug] [ThreadPool]: Failed to rollback 'list_teachable_silver'
[0m18:36:47.985755 [debug] [ThreadPool]: Failed to rollback 'list_teachable_gold'
[0m18:36:47.985907 [debug] [ThreadPool]: On list_teachable_silver: Close
[0m18:36:47.986056 [debug] [ThreadPool]: On list_teachable_gold: Close
[0m18:36:47.986885 [debug] [MainThread]: Sending event: {'category': 'dbt', 'action': 'runnable_timing', 'label': '1bb77130-6b35-4027-a309-3991bf6a8b37', 'context': [<snowplow_tracker.self_describing_json.SelfDescribingJson object at 0x1057edd90>]}
[0m18:36:47.988497 [debug] [Thread-1 (]: Began running node model.teachable_gmv.v_gmv_current
[0m18:36:47.988716 [debug] [Thread-1 (]: Re-using an available connection from the pool (formerly list_teachable_gold, now model.teachable_gmv.v_gmv_current)
[0m18:36:47.988891 [debug] [Thread-1 (]: Began compiling node model.teachable_gmv.v_gmv_current
[0m18:36:47.993144 [debug] [Thread-1 (]: Writing injected SQL for node "model.teachable_gmv.v_gmv_current"
[0m18:36:47.993525 [debug] [Thread-1 (]: Began executing node model.teachable_gmv.v_gmv_current
[0m18:36:47.993851 [debug] [Thread-1 (]: Finished running node model.teachable_gmv.v_gmv_current
[0m18:36:47.994168 [debug] [Thread-3 (]: Began running node test.teachable_gmv.unique_v_gmv_current_purchase_id.42436dc3e8
[0m18:36:47.994352 [debug] [Thread-2 (]: Began running node test.teachable_gmv.not_null_v_gmv_current_purchase_id.f8f6182591
[0m18:36:47.994597 [debug] [Thread-3 (]: Acquiring new duckdb connection 'test.teachable_gmv.unique_v_gmv_current_purchase_id.42436dc3e8'
[0m18:36:47.994791 [debug] [Thread-2 (]: Re-using an available connection from the pool (formerly list_teachable_silver, now test.teachable_gmv.not_null_v_gmv_current_purchase_id.f8f6182591)
[0m18:36:47.994961 [debug] [Thread-3 (]: Began compiling node test.teachable_gmv.unique_v_gmv_current_purchase_id.42436dc3e8
[0m18:36:47.995122 [debug] [Thread-2 (]: Began compiling node test.teachable_gmv.not_null_v_gmv_current_purchase_id.f8f6182591
[0m18:36:48.000093 [debug] [Thread-3 (]: Writing injected SQL for node "test.teachable_gmv.unique_v_gmv_current_purchase_id.42436dc3e8"
[0m18:36:48.004127 [debug] [Thread-2 (]: Writing injected SQL for node "test.teachable_gmv.not_null_v_gmv_current_purchase_id.f8f6182591"
[0m18:36:48.004651 [debug] [Thread-2 (]: Began executing node test.teachable_gmv.not_null_v_gmv_current_purchase_id.f8f6182591
[0m18:36:48.004853 [debug] [Thread-3 (]: Began executing node test.teachable_gmv.unique_v_gmv_current_purchase_id.42436dc3e8
[0m18:36:48.005285 [debug] [Thread-2 (]: Finished running node test.teachable_gmv.not_null_v_gmv_current_purchase_id.f8f6182591
[0m18:36:48.005623 [debug] [Thread-3 (]: Finished running node test.teachable_gmv.unique_v_gmv_current_purchase_id.42436dc3e8
[0m18:36:48.006172 [debug] [MainThread]: Connection 'master' was properly closed.
[0m18:36:48.006312 [debug] [MainThread]: Connection 'model.teachable_gmv.v_gmv_current' was properly closed.
[0m18:36:48.006433 [debug] [MainThread]: Connection 'test.teachable_gmv.not_null_v_gmv_current_purchase_id.f8f6182591' was properly closed.
[0m18:36:48.006550 [debug] [MainThread]: Connection 'test.teachable_gmv.unique_v_gmv_current_purchase_id.42436dc3e8' was properly closed.
[0m18:36:48.006962 [debug] [MainThread]: Command end result
[0m18:36:48.026045 [debug] [MainThread]: Wrote artifact WritableManifest to /Users/davidlima/wspace/Teachable-Interview/teachable_davifati_dataengineeringprincipal_technicalcase/dbt_project/target/manifest.json
[0m18:36:48.027233 [debug] [MainThread]: Wrote artifact SemanticManifest to /Users/davidlima/wspace/Teachable-Interview/teachable_davifati_dataengineeringprincipal_technicalcase/dbt_project/target/semantic_manifest.json
[0m18:36:48.030743 [debug] [MainThread]: Wrote artifact RunExecutionResult to /Users/davidlima/wspace/Teachable-Interview/teachable_davifati_dataengineeringprincipal_technicalcase/dbt_project/target/run_results.json
[0m18:36:48.030958 [debug] [MainThread]: Excluded node 'not_null_v_gmv_current_purchase_id' from results
[0m18:36:48.031095 [debug] [MainThread]: Excluded node 'unique_v_gmv_current_purchase_id' from results
[0m18:36:48.031272 [info ] [MainThread]: Compiled node 'v_gmv_current' is:


/*
    View: v_gmv_current

    Simplifica o acesso ao estado atual do GMV, eliminando a necessidade
    de subquery para encontrar o snapshot mais recente.

    Caso de uso: 80% das queries de consumo querem o "estado atual".
    Esta view encapsula esse padrão, reduzindo erro de usuário e
    simplificando queries para analistas.

    Antes (fact_gmv_snapshot):
    ```sql
    SELECT subsidiary, SUM(purchase_value) as gmv
    FROM gold.fact_gmv_snapshot
    WHERE snapshot_date = (SELECT MAX(snapshot_date) FROM gold.fact_gmv_snapshot)
      AND is_valid_for_gmv = true
    GROUP BY subsidiary;
    ```

    Depois (v_gmv_current):
    ```sql
    SELECT subsidiary, SUM(purchase_value) as gmv
    FROM gold.v_gmv_current
    WHERE is_valid_for_gmv = true
    GROUP BY subsidiary;
    ```

    Nota: Para queries as-of (estado em data específica), use fact_gmv_snapshot diretamente.
*/

with latest_snapshot as (
    select max(snapshot_date) as max_snapshot_date
    from "teachable"."gold"."fact_gmv_snapshot"
)

select
    f.purchase_id,
    f.snapshot_date,
    f.transaction_date,
    f.order_date,
    f.release_date,
    f.subsidiary,
    f.buyer_id,
    f.producer_id,
    f.product_id,
    f.purchase_status,
    f.purchase_value,
    f.item_quantity,
    f.is_valid_for_gmv,
    f.last_updated_at
from "teachable"."gold"."fact_gmv_snapshot" f
cross join latest_snapshot ls
where f.snapshot_date = ls.max_snapshot_date
[0m18:36:48.044202 [debug] [MainThread]: Resource report: {"command_name": "compile", "command_success": true, "command_wall_clock_time": 0.95392793, "process_in_blocks": "0", "process_kernel_time": 0.248717, "process_mem_max_rss": "144998400", "process_out_blocks": "0", "process_user_time": 1.319442}
[0m18:36:48.044913 [debug] [MainThread]: Command `dbt compile` succeeded at 18:36:48.044669 after 0.95 seconds
[0m18:36:48.045384 [debug] [MainThread]: Sending event: {'category': 'dbt', 'action': 'invocation', 'label': 'end', 'context': [<snowplow_tracker.self_describing_json.SelfDescribingJson object at 0x104e40650>, <snowplow_tracker.self_describing_json.SelfDescribingJson object at 0x10558adb0>, <snowplow_tracker.self_describing_json.SelfDescribingJson object at 0x1055889f0>]}
[0m18:36:48.045649 [debug] [MainThread]: Flushing usage events
[0m18:36:48.951613 [debug] [MainThread]: An error was encountered while trying to flush usage events
[0m18:37:05.786563 [debug] [MainThread]: Sending event: {'category': 'dbt', 'action': 'invocation', 'label': 'start', 'context': [<snowplow_tracker.self_describing_json.SelfDescribingJson object at 0x120c481a0>, <snowplow_tracker.self_describing_json.SelfDescribingJson object at 0x122797b10>, <snowplow_tracker.self_describing_json.SelfDescribingJson object at 0x122797c50>]}


============================== 18:37:05.790626 | 7154c9a7-49ba-4e12-963c-ebe2689816da ==============================
[0m18:37:05.790626 [info ] [MainThread]: Running with dbt=1.10.19
[0m18:37:05.791005 [debug] [MainThread]: running dbt with arguments {'printer_width': '80', 'write_json': 'True', 'log_format': 'default', 'warn_error': 'None', 'profiles_dir': '/Users/davidlima/wspace/Teachable-Interview/teachable_davifati_dataengineeringprincipal_technicalcase/dbt_project', 'target_path': 'None', 'warn_error_options': 'WarnErrorOptionsV2(error=[], warn=[], silence=[])', 'use_experimental_parser': 'False', 'log_path': '/Users/davidlima/wspace/Teachable-Interview/teachable_davifati_dataengineeringprincipal_technicalcase/dbt_project/logs', 'partial_parse': 'True', 'use_colors': 'True', 'quiet': 'False', 'cache_selected_only': 'False', 'debug': 'False', 'invocation_command': 'dbt run --select v_gmv_current', 'send_anonymous_usage_stats': 'True', 'fail_fast': 'False', 'version_check': 'True', 'introspect': 'True', 'static_parser': 'True', 'empty': 'False', 'indirect_selection': 'eager', 'no_print': 'None', 'log_cache_events': 'False'}
[0m18:37:06.000592 [debug] [MainThread]: Sending event: {'category': 'dbt', 'action': 'project_id', 'label': '7154c9a7-49ba-4e12-963c-ebe2689816da', 'context': [<snowplow_tracker.self_describing_json.SelfDescribingJson object at 0x121008050>]}
[0m18:37:06.030817 [debug] [MainThread]: Sending event: {'category': 'dbt', 'action': 'adapter_info', 'label': '7154c9a7-49ba-4e12-963c-ebe2689816da', 'context': [<snowplow_tracker.self_describing_json.SelfDescribingJson object at 0x12265fdf0>]}
[0m18:37:06.033027 [info ] [MainThread]: Registered adapter: duckdb=1.10.0
[0m18:37:06.096467 [debug] [MainThread]: checksum: c35ba6d374a0901ceb00688d5179d5550885e1756283b03e5e81c28e0d8d2248, vars: {}, profile: , target: , version: 1.10.19
[0m18:37:06.187133 [debug] [MainThread]: Partial parsing enabled: 0 files deleted, 0 files added, 0 files changed.
[0m18:37:06.187372 [debug] [MainThread]: Partial parsing enabled, no changes found, skipping parsing
[0m18:37:06.213294 [debug] [MainThread]: Sending event: {'category': 'dbt', 'action': 'load_project', 'label': '7154c9a7-49ba-4e12-963c-ebe2689816da', 'context': [<snowplow_tracker.self_describing_json.SelfDescribingJson object at 0x122885d50>]}
[0m18:37:06.267244 [debug] [MainThread]: Wrote artifact WritableManifest to /Users/davidlima/wspace/Teachable-Interview/teachable_davifati_dataengineeringprincipal_technicalcase/dbt_project/target/manifest.json
[0m18:37:06.268926 [debug] [MainThread]: Wrote artifact SemanticManifest to /Users/davidlima/wspace/Teachable-Interview/teachable_davifati_dataengineeringprincipal_technicalcase/dbt_project/target/semantic_manifest.json
[0m18:37:06.283758 [debug] [MainThread]: Sending event: {'category': 'dbt', 'action': 'resource_counts', 'label': '7154c9a7-49ba-4e12-963c-ebe2689816da', 'context': [<snowplow_tracker.self_describing_json.SelfDescribingJson object at 0x122f0b200>]}
[0m18:37:06.284092 [info ] [MainThread]: Found 7 models, 7 data tests, 4 sources, 473 macros
[0m18:37:06.284277 [debug] [MainThread]: Sending event: {'category': 'dbt', 'action': 'runnable_timing', 'label': '7154c9a7-49ba-4e12-963c-ebe2689816da', 'context': [<snowplow_tracker.self_describing_json.SelfDescribingJson object at 0x122b99b70>]}
[0m18:37:06.285291 [info ] [MainThread]: 
[0m18:37:06.285516 [info ] [MainThread]: Concurrency: 4 threads (target='dev')
[0m18:37:06.285660 [info ] [MainThread]: 
[0m18:37:06.285930 [debug] [MainThread]: Acquiring new duckdb connection 'master'
[0m18:37:06.286414 [debug] [ThreadPool]: Acquiring new duckdb connection 'list_teachable'
[0m18:37:06.319663 [debug] [ThreadPool]: Using duckdb connection "list_teachable"
[0m18:37:06.319907 [debug] [ThreadPool]: On list_teachable: /* {"app": "dbt", "dbt_version": "1.10.19", "profile_name": "teachable_gmv", "target_name": "dev", "connection_name": "list_teachable"} */

    
    select schema_name
    from system.information_schema.schemata
    
    where lower(catalog_name) = '"teachable"'
    
  
  
[0m18:37:06.320065 [debug] [ThreadPool]: Opening a new connection, currently in state init
[0m18:37:06.340287 [debug] [ThreadPool]: SQL status: OK in 0.020 seconds
[0m18:37:06.341180 [debug] [ThreadPool]: On list_teachable: Close
[0m18:37:06.341576 [debug] [ThreadPool]: Re-using an available connection from the pool (formerly list_teachable, now create_teachable_gold)
[0m18:37:06.341814 [debug] [ThreadPool]: Creating schema "database: "teachable"
schema: "gold"
"
[0m18:37:06.345233 [debug] [ThreadPool]: Using duckdb connection "create_teachable_gold"
[0m18:37:06.345401 [debug] [ThreadPool]: On create_teachable_gold: /* {"app": "dbt", "dbt_version": "1.10.19", "profile_name": "teachable_gmv", "target_name": "dev", "connection_name": "create_teachable_gold"} */

    
        select type from duckdb_databases()
        where lower(database_name)='teachable'
        and type='sqlite'
    
  
[0m18:37:06.345573 [debug] [ThreadPool]: Opening a new connection, currently in state closed
[0m18:37:06.346343 [debug] [ThreadPool]: SQL status: OK in 0.001 seconds
[0m18:37:06.346979 [debug] [ThreadPool]: Using duckdb connection "create_teachable_gold"
[0m18:37:06.347119 [debug] [ThreadPool]: On create_teachable_gold: BEGIN
[0m18:37:06.347345 [debug] [ThreadPool]: SQL status: OK in 0.000 seconds
[0m18:37:06.347471 [debug] [ThreadPool]: Using duckdb connection "create_teachable_gold"
[0m18:37:06.347597 [debug] [ThreadPool]: On create_teachable_gold: /* {"app": "dbt", "dbt_version": "1.10.19", "profile_name": "teachable_gmv", "target_name": "dev", "connection_name": "create_teachable_gold"} */

    
    
        create schema if not exists "teachable"."gold"
    
[0m18:37:06.347835 [debug] [ThreadPool]: SQL status: OK in 0.000 seconds
[0m18:37:06.348238 [debug] [ThreadPool]: On create_teachable_gold: COMMIT
[0m18:37:06.348376 [debug] [ThreadPool]: Using duckdb connection "create_teachable_gold"
[0m18:37:06.348501 [debug] [ThreadPool]: On create_teachable_gold: COMMIT
[0m18:37:06.348751 [debug] [ThreadPool]: SQL status: OK in 0.000 seconds
[0m18:37:06.348942 [debug] [ThreadPool]: On create_teachable_gold: Close
[0m18:37:06.351680 [debug] [ThreadPool]: Re-using an available connection from the pool (formerly create_teachable_gold, now list_teachable_silver)
[0m18:37:06.351936 [debug] [ThreadPool]: Acquiring new duckdb connection 'list_teachable_gold'
[0m18:37:06.354858 [debug] [ThreadPool]: Using duckdb connection "list_teachable_silver"
[0m18:37:06.355708 [debug] [ThreadPool]: Using duckdb connection "list_teachable_gold"
[0m18:37:06.355866 [debug] [ThreadPool]: On list_teachable_silver: BEGIN
[0m18:37:06.355999 [debug] [ThreadPool]: On list_teachable_gold: BEGIN
[0m18:37:06.356124 [debug] [ThreadPool]: Opening a new connection, currently in state closed
[0m18:37:06.356245 [debug] [ThreadPool]: Opening a new connection, currently in state init
[0m18:37:06.356556 [debug] [ThreadPool]: SQL status: OK in 0.000 seconds
[0m18:37:06.356694 [debug] [ThreadPool]: Using duckdb connection "list_teachable_silver"
[0m18:37:06.356827 [debug] [ThreadPool]: On list_teachable_silver: /* {"app": "dbt", "dbt_version": "1.10.19", "profile_name": "teachable_gmv", "target_name": "dev", "connection_name": "list_teachable_silver"} */
select
      'teachable' as database,
      table_name as name,
      table_schema as schema,
      CASE table_type
        WHEN 'BASE TABLE' THEN 'table'
        WHEN 'VIEW' THEN 'view'
        WHEN 'LOCAL TEMPORARY' THEN 'table'
        END as type
    from system.information_schema.tables
    where lower(table_schema) = 'silver'
    and lower(table_catalog) = 'teachable'
  
[0m18:37:06.357071 [debug] [ThreadPool]: SQL status: OK in 0.001 seconds
[0m18:37:06.357214 [debug] [ThreadPool]: Using duckdb connection "list_teachable_gold"
[0m18:37:06.357352 [debug] [ThreadPool]: On list_teachable_gold: /* {"app": "dbt", "dbt_version": "1.10.19", "profile_name": "teachable_gmv", "target_name": "dev", "connection_name": "list_teachable_gold"} */
select
      'teachable' as database,
      table_name as name,
      table_schema as schema,
      CASE table_type
        WHEN 'BASE TABLE' THEN 'table'
        WHEN 'VIEW' THEN 'view'
        WHEN 'LOCAL TEMPORARY' THEN 'table'
        END as type
    from system.information_schema.tables
    where lower(table_schema) = 'gold'
    and lower(table_catalog) = 'teachable'
  
[0m18:37:06.366386 [debug] [ThreadPool]: SQL status: OK in 0.009 seconds
[0m18:37:06.366697 [debug] [ThreadPool]: SQL status: OK in 0.009 seconds
[0m18:37:06.367452 [debug] [ThreadPool]: On list_teachable_silver: ROLLBACK
[0m18:37:06.368141 [debug] [ThreadPool]: On list_teachable_gold: ROLLBACK
[0m18:37:06.369039 [debug] [ThreadPool]: Failed to rollback 'list_teachable_gold'
[0m18:37:06.369195 [debug] [ThreadPool]: On list_teachable_gold: Close
[0m18:37:06.369435 [debug] [ThreadPool]: Failed to rollback 'list_teachable_silver'
[0m18:37:06.369670 [debug] [ThreadPool]: On list_teachable_silver: Close
[0m18:37:06.370363 [debug] [MainThread]: Sending event: {'category': 'dbt', 'action': 'runnable_timing', 'label': '7154c9a7-49ba-4e12-963c-ebe2689816da', 'context': [<snowplow_tracker.self_describing_json.SelfDescribingJson object at 0x124b868f0>]}
[0m18:37:06.370599 [debug] [MainThread]: Using duckdb connection "master"
[0m18:37:06.370732 [debug] [MainThread]: On master: BEGIN
[0m18:37:06.370853 [debug] [MainThread]: Opening a new connection, currently in state init
[0m18:37:06.371126 [debug] [MainThread]: SQL status: OK in 0.000 seconds
[0m18:37:06.371259 [debug] [MainThread]: On master: COMMIT
[0m18:37:06.371386 [debug] [MainThread]: Using duckdb connection "master"
[0m18:37:06.371508 [debug] [MainThread]: On master: COMMIT
[0m18:37:06.371706 [debug] [MainThread]: SQL status: OK in 0.000 seconds
[0m18:37:06.371839 [debug] [MainThread]: On master: Close
[0m18:37:06.373202 [debug] [Thread-1 (]: Began running node model.teachable_gmv.v_gmv_current
[0m18:37:06.373462 [info ] [Thread-1 (]: 1 of 1 START sql view model gold.v_gmv_current ................................. [RUN]
[0m18:37:06.373671 [debug] [Thread-1 (]: Re-using an available connection from the pool (formerly list_teachable_silver, now model.teachable_gmv.v_gmv_current)
[0m18:37:06.373834 [debug] [Thread-1 (]: Began compiling node model.teachable_gmv.v_gmv_current
[0m18:37:06.378266 [debug] [Thread-1 (]: Writing injected SQL for node "model.teachable_gmv.v_gmv_current"
[0m18:37:06.378625 [debug] [Thread-1 (]: Began executing node model.teachable_gmv.v_gmv_current
[0m18:37:06.396507 [debug] [Thread-1 (]: Writing runtime sql for node "model.teachable_gmv.v_gmv_current"
[0m18:37:06.397028 [debug] [Thread-1 (]: Using duckdb connection "model.teachable_gmv.v_gmv_current"
[0m18:37:06.397205 [debug] [Thread-1 (]: On model.teachable_gmv.v_gmv_current: BEGIN
[0m18:37:06.397360 [debug] [Thread-1 (]: Opening a new connection, currently in state closed
[0m18:37:06.397738 [debug] [Thread-1 (]: SQL status: OK in 0.000 seconds
[0m18:37:06.397896 [debug] [Thread-1 (]: Using duckdb connection "model.teachable_gmv.v_gmv_current"
[0m18:37:06.398087 [debug] [Thread-1 (]: On model.teachable_gmv.v_gmv_current: /* {"app": "dbt", "dbt_version": "1.10.19", "profile_name": "teachable_gmv", "target_name": "dev", "node_id": "model.teachable_gmv.v_gmv_current"} */

  
  create view "teachable"."gold"."v_gmv_current__dbt_tmp" as (
    

/*
    View: v_gmv_current

    Simplifica o acesso ao estado atual do GMV, eliminando a necessidade
    de subquery para encontrar o snapshot mais recente.

    Caso de uso: 80% das queries de consumo querem o "estado atual".
    Esta view encapsula esse padrão, reduzindo erro de usuário e
    simplificando queries para analistas.

    Antes (fact_gmv_snapshot):
    ```sql
    SELECT subsidiary, SUM(purchase_value) as gmv
    FROM gold.fact_gmv_snapshot
    WHERE snapshot_date = (SELECT MAX(snapshot_date) FROM gold.fact_gmv_snapshot)
      AND is_valid_for_gmv = true
    GROUP BY subsidiary;
    ```

    Depois (v_gmv_current):
    ```sql
    SELECT subsidiary, SUM(purchase_value) as gmv
    FROM gold.v_gmv_current
    WHERE is_valid_for_gmv = true
    GROUP BY subsidiary;
    ```

    Nota: Para queries as-of (estado em data específica), use fact_gmv_snapshot diretamente.
*/

with latest_snapshot as (
    select max(snapshot_date) as max_snapshot_date
    from "teachable"."gold"."fact_gmv_snapshot"
)

select
    f.purchase_id,
    f.snapshot_date,
    f.transaction_date,
    f.order_date,
    f.release_date,
    f.subsidiary,
    f.buyer_id,
    f.producer_id,
    f.product_id,
    f.purchase_status,
    f.purchase_value,
    f.item_quantity,
    f.is_valid_for_gmv,
    f.last_updated_at
from "teachable"."gold"."fact_gmv_snapshot" f
cross join latest_snapshot ls
where f.snapshot_date = ls.max_snapshot_date
  );

[0m18:37:06.398615 [debug] [Thread-1 (]: SQL status: OK in 0.000 seconds
[0m18:37:06.401716 [debug] [Thread-1 (]: Using duckdb connection "model.teachable_gmv.v_gmv_current"
[0m18:37:06.401927 [debug] [Thread-1 (]: On model.teachable_gmv.v_gmv_current: /* {"app": "dbt", "dbt_version": "1.10.19", "profile_name": "teachable_gmv", "target_name": "dev", "node_id": "model.teachable_gmv.v_gmv_current"} */
alter view "teachable"."gold"."v_gmv_current__dbt_tmp" rename to "v_gmv_current"
[0m18:37:06.402491 [debug] [Thread-1 (]: SQL status: OK in 0.000 seconds
[0m18:37:06.407460 [debug] [Thread-1 (]: On model.teachable_gmv.v_gmv_current: COMMIT
[0m18:37:06.407658 [debug] [Thread-1 (]: Using duckdb connection "model.teachable_gmv.v_gmv_current"
[0m18:37:06.407820 [debug] [Thread-1 (]: On model.teachable_gmv.v_gmv_current: COMMIT
[0m18:37:06.408591 [debug] [Thread-1 (]: SQL status: OK in 0.001 seconds
[0m18:37:06.411294 [debug] [Thread-1 (]: Using duckdb connection "model.teachable_gmv.v_gmv_current"
[0m18:37:06.411494 [debug] [Thread-1 (]: On model.teachable_gmv.v_gmv_current: /* {"app": "dbt", "dbt_version": "1.10.19", "profile_name": "teachable_gmv", "target_name": "dev", "node_id": "model.teachable_gmv.v_gmv_current"} */

      drop view if exists "teachable"."gold"."v_gmv_current__dbt_backup" cascade
    
[0m18:37:06.411798 [debug] [Thread-1 (]: SQL status: OK in 0.000 seconds
[0m18:37:06.446932 [debug] [Thread-1 (]: On model.teachable_gmv.v_gmv_current: Close
[0m18:37:06.448291 [debug] [Thread-1 (]: Sending event: {'category': 'dbt', 'action': 'run_model', 'label': '7154c9a7-49ba-4e12-963c-ebe2689816da', 'context': [<snowplow_tracker.self_describing_json.SelfDescribingJson object at 0x1231fba10>]}
[0m18:37:06.448639 [info ] [Thread-1 (]: 1 of 1 OK created sql view model gold.v_gmv_current ............................ [[32mOK[0m in 0.07s]
[0m18:37:06.448925 [debug] [Thread-1 (]: Finished running node model.teachable_gmv.v_gmv_current
[0m18:37:06.449587 [debug] [MainThread]: Using duckdb connection "master"
[0m18:37:06.449762 [debug] [MainThread]: On master: BEGIN
[0m18:37:06.449896 [debug] [MainThread]: Opening a new connection, currently in state closed
[0m18:37:06.450226 [debug] [MainThread]: SQL status: OK in 0.000 seconds
[0m18:37:06.450355 [debug] [MainThread]: On master: COMMIT
[0m18:37:06.450485 [debug] [MainThread]: Using duckdb connection "master"
[0m18:37:06.450608 [debug] [MainThread]: On master: COMMIT
[0m18:37:06.450824 [debug] [MainThread]: SQL status: OK in 0.000 seconds
[0m18:37:06.450951 [debug] [MainThread]: On master: Close
[0m18:37:06.451119 [debug] [MainThread]: Connection 'master' was properly closed.
[0m18:37:06.451240 [debug] [MainThread]: Connection 'model.teachable_gmv.v_gmv_current' was properly closed.
[0m18:37:06.451347 [debug] [MainThread]: Connection 'list_teachable_gold' was properly closed.
[0m18:37:06.451473 [info ] [MainThread]: 
[0m18:37:06.451607 [info ] [MainThread]: Finished running 1 view model in 0 hours 0 minutes and 0.17 seconds (0.17s).
[0m18:37:06.451910 [debug] [MainThread]: Command end result
[0m18:37:06.467182 [debug] [MainThread]: Wrote artifact WritableManifest to /Users/davidlima/wspace/Teachable-Interview/teachable_davifati_dataengineeringprincipal_technicalcase/dbt_project/target/manifest.json
[0m18:37:06.468235 [debug] [MainThread]: Wrote artifact SemanticManifest to /Users/davidlima/wspace/Teachable-Interview/teachable_davifati_dataengineeringprincipal_technicalcase/dbt_project/target/semantic_manifest.json
[0m18:37:06.471205 [debug] [MainThread]: Wrote artifact RunExecutionResult to /Users/davidlima/wspace/Teachable-Interview/teachable_davifati_dataengineeringprincipal_technicalcase/dbt_project/target/run_results.json
[0m18:37:06.471366 [info ] [MainThread]: 
[0m18:37:06.471558 [info ] [MainThread]: [32mCompleted successfully[0m
[0m18:37:06.471698 [info ] [MainThread]: 
[0m18:37:06.471851 [info ] [MainThread]: Done. PASS=1 WARN=0 ERROR=0 SKIP=0 NO-OP=0 TOTAL=1
[0m18:37:06.473504 [debug] [MainThread]: Resource report: {"command_name": "run", "command_success": true, "command_wall_clock_time": 0.7262159, "process_in_blocks": "0", "process_kernel_time": 0.206021, "process_mem_max_rss": "141737984", "process_out_blocks": "0", "process_user_time": 1.158406}
[0m18:37:06.473757 [debug] [MainThread]: Command `dbt run` succeeded at 18:37:06.473708 after 0.73 seconds
[0m18:37:06.473945 [debug] [MainThread]: Sending event: {'category': 'dbt', 'action': 'invocation', 'label': 'end', 'context': [<snowplow_tracker.self_describing_json.SelfDescribingJson object at 0x124d2db20>, <snowplow_tracker.self_describing_json.SelfDescribingJson object at 0x124c79ef0>, <snowplow_tracker.self_describing_json.SelfDescribingJson object at 0x124c7a3f0>]}
[0m18:37:06.474125 [debug] [MainThread]: Flushing usage events
[0m18:37:07.047869 [debug] [MainThread]: An error was encountered while trying to flush usage events
[0m18:50:11.263512 [debug] [MainThread]: Sending event: {'category': 'dbt', 'action': 'invocation', 'label': 'start', 'context': [<snowplow_tracker.self_describing_json.SelfDescribingJson object at 0x103e241a0>, <snowplow_tracker.self_describing_json.SelfDescribingJson object at 0x104c73b10>, <snowplow_tracker.self_describing_json.SelfDescribingJson object at 0x104c73c50>]}


============================== 18:50:11.267008 | f9ad00e2-c46e-4662-a316-3382981332a2 ==============================
[0m18:50:11.267008 [info ] [MainThread]: Running with dbt=1.10.19
[0m18:50:11.267397 [debug] [MainThread]: running dbt with arguments {'warn_error': 'None', 'fail_fast': 'False', 'cache_selected_only': 'False', 'indirect_selection': 'eager', 'debug': 'False', 'write_json': 'True', 'introspect': 'True', 'target_path': 'None', 'use_colors': 'True', 'send_anonymous_usage_stats': 'True', 'static_parser': 'True', 'partial_parse': 'True', 'warn_error_options': 'WarnErrorOptionsV2(error=[], warn=[], silence=[])', 'profiles_dir': '/Users/davidlima/wspace/Teachable-Interview/teachable_davifati_dataengineeringprincipal_technicalcase/dbt_project', 'empty': 'False', 'use_experimental_parser': 'False', 'printer_width': '80', 'invocation_command': 'dbt run', 'log_format': 'default', 'quiet': 'False', 'log_path': '/Users/davidlima/wspace/Teachable-Interview/teachable_davifati_dataengineeringprincipal_technicalcase/dbt_project/logs', 'log_cache_events': 'False', 'no_print': 'None', 'version_check': 'True'}
[0m18:50:11.471961 [debug] [MainThread]: Sending event: {'category': 'dbt', 'action': 'project_id', 'label': 'f9ad00e2-c46e-4662-a316-3382981332a2', 'context': [<snowplow_tracker.self_describing_json.SelfDescribingJson object at 0x103fe4050>]}
[0m18:50:11.507295 [debug] [MainThread]: Sending event: {'category': 'dbt', 'action': 'adapter_info', 'label': 'f9ad00e2-c46e-4662-a316-3382981332a2', 'context': [<snowplow_tracker.self_describing_json.SelfDescribingJson object at 0x104b3bdf0>]}
[0m18:50:11.509182 [info ] [MainThread]: Registered adapter: duckdb=1.10.0
[0m18:50:11.577426 [debug] [MainThread]: checksum: c35ba6d374a0901ceb00688d5179d5550885e1756283b03e5e81c28e0d8d2248, vars: {}, profile: , target: , version: 1.10.19
[0m18:50:11.665384 [debug] [MainThread]: Partial parsing enabled: 0 files deleted, 0 files added, 0 files changed.
[0m18:50:11.665623 [debug] [MainThread]: Partial parsing enabled, no changes found, skipping parsing
[0m18:50:11.690718 [debug] [MainThread]: Sending event: {'category': 'dbt', 'action': 'load_project', 'label': 'f9ad00e2-c46e-4662-a316-3382981332a2', 'context': [<snowplow_tracker.self_describing_json.SelfDescribingJson object at 0x104d61d50>]}
[0m18:50:11.740709 [debug] [MainThread]: Wrote artifact WritableManifest to /Users/davidlima/wspace/Teachable-Interview/teachable_davifati_dataengineeringprincipal_technicalcase/dbt_project/target/manifest.json
[0m18:50:11.742204 [debug] [MainThread]: Wrote artifact SemanticManifest to /Users/davidlima/wspace/Teachable-Interview/teachable_davifati_dataengineeringprincipal_technicalcase/dbt_project/target/semantic_manifest.json
[0m18:50:11.757003 [debug] [MainThread]: Sending event: {'category': 'dbt', 'action': 'resource_counts', 'label': 'f9ad00e2-c46e-4662-a316-3382981332a2', 'context': [<snowplow_tracker.self_describing_json.SelfDescribingJson object at 0x104fe7200>]}
[0m18:50:11.757323 [info ] [MainThread]: Found 7 models, 7 data tests, 4 sources, 473 macros
[0m18:50:11.757500 [debug] [MainThread]: Sending event: {'category': 'dbt', 'action': 'runnable_timing', 'label': 'f9ad00e2-c46e-4662-a316-3382981332a2', 'context': [<snowplow_tracker.self_describing_json.SelfDescribingJson object at 0x104e79b70>]}
[0m18:50:11.758643 [info ] [MainThread]: 
[0m18:50:11.758832 [info ] [MainThread]: Concurrency: 4 threads (target='dev')
[0m18:50:11.758972 [info ] [MainThread]: 
[0m18:50:11.759229 [debug] [MainThread]: Acquiring new duckdb connection 'master'
[0m18:50:11.761816 [debug] [ThreadPool]: Acquiring new duckdb connection 'list_teachable'
[0m18:50:11.762076 [debug] [ThreadPool]: Acquiring new duckdb connection 'list_teachable'
[0m18:50:11.800218 [debug] [ThreadPool]: Using duckdb connection "list_teachable"
[0m18:50:11.800458 [debug] [ThreadPool]: Using duckdb connection "list_teachable"
[0m18:50:11.800636 [debug] [ThreadPool]: On list_teachable: /* {"app": "dbt", "dbt_version": "1.10.19", "profile_name": "teachable_gmv", "target_name": "dev", "connection_name": "list_teachable"} */

    
    select schema_name
    from system.information_schema.schemata
    
    where lower(catalog_name) = '"teachable"'
    
  
  
[0m18:50:11.800809 [debug] [ThreadPool]: On list_teachable: /* {"app": "dbt", "dbt_version": "1.10.19", "profile_name": "teachable_gmv", "target_name": "dev", "connection_name": "list_teachable"} */

    
    select schema_name
    from system.information_schema.schemata
    
    where lower(catalog_name) = '"teachable"'
    
  
  
[0m18:50:11.800961 [debug] [ThreadPool]: Opening a new connection, currently in state init
[0m18:50:11.801102 [debug] [ThreadPool]: Opening a new connection, currently in state init
[0m18:50:11.817564 [debug] [ThreadPool]: SQL status: OK in 0.017 seconds
[0m18:50:11.817775 [debug] [ThreadPool]: SQL status: OK in 0.017 seconds
[0m18:50:11.818577 [debug] [ThreadPool]: On list_teachable: Close
[0m18:50:11.819287 [debug] [ThreadPool]: On list_teachable: Close
[0m18:50:11.819632 [debug] [ThreadPool]: Re-using an available connection from the pool (formerly list_teachable, now create_teachable_gold)
[0m18:50:11.819827 [debug] [ThreadPool]: Re-using an available connection from the pool (formerly list_teachable, now create_teachable_silver)
[0m18:50:11.820039 [debug] [ThreadPool]: Creating schema "database: "teachable"
schema: "gold"
"
[0m18:50:11.820242 [debug] [ThreadPool]: Creating schema "database: "teachable"
schema: "silver"
"
[0m18:50:11.823705 [debug] [ThreadPool]: Using duckdb connection "create_teachable_gold"
[0m18:50:11.824859 [debug] [ThreadPool]: Using duckdb connection "create_teachable_silver"
[0m18:50:11.825024 [debug] [ThreadPool]: On create_teachable_gold: /* {"app": "dbt", "dbt_version": "1.10.19", "profile_name": "teachable_gmv", "target_name": "dev", "connection_name": "create_teachable_gold"} */

    
        select type from duckdb_databases()
        where lower(database_name)='teachable'
        and type='sqlite'
    
  
[0m18:50:11.825202 [debug] [ThreadPool]: On create_teachable_silver: /* {"app": "dbt", "dbt_version": "1.10.19", "profile_name": "teachable_gmv", "target_name": "dev", "connection_name": "create_teachable_silver"} */

    
        select type from duckdb_databases()
        where lower(database_name)='teachable'
        and type='sqlite'
    
  
[0m18:50:11.825351 [debug] [ThreadPool]: Opening a new connection, currently in state closed
[0m18:50:11.825486 [debug] [ThreadPool]: Opening a new connection, currently in state closed
[0m18:50:11.826334 [debug] [ThreadPool]: SQL status: OK in 0.001 seconds
[0m18:50:11.826480 [debug] [ThreadPool]: SQL status: OK in 0.001 seconds
[0m18:50:11.827153 [debug] [ThreadPool]: Using duckdb connection "create_teachable_silver"
[0m18:50:11.827297 [debug] [ThreadPool]: On create_teachable_silver: BEGIN
[0m18:50:11.827858 [debug] [ThreadPool]: Using duckdb connection "create_teachable_gold"
[0m18:50:11.828047 [debug] [ThreadPool]: On create_teachable_gold: BEGIN
[0m18:50:11.828203 [debug] [ThreadPool]: SQL status: OK in 0.000 seconds
[0m18:50:11.828378 [debug] [ThreadPool]: Using duckdb connection "create_teachable_silver"
[0m18:50:11.828516 [debug] [ThreadPool]: On create_teachable_silver: /* {"app": "dbt", "dbt_version": "1.10.19", "profile_name": "teachable_gmv", "target_name": "dev", "connection_name": "create_teachable_silver"} */

    
    
        create schema if not exists "teachable"."silver"
    
[0m18:50:11.828651 [debug] [ThreadPool]: SQL status: OK in 0.000 seconds
[0m18:50:11.828827 [debug] [ThreadPool]: Using duckdb connection "create_teachable_gold"
[0m18:50:11.828966 [debug] [ThreadPool]: On create_teachable_gold: /* {"app": "dbt", "dbt_version": "1.10.19", "profile_name": "teachable_gmv", "target_name": "dev", "connection_name": "create_teachable_gold"} */

    
    
        create schema if not exists "teachable"."gold"
    
[0m18:50:11.829097 [debug] [ThreadPool]: SQL status: OK in 0.000 seconds
[0m18:50:11.829570 [debug] [ThreadPool]: On create_teachable_silver: COMMIT
[0m18:50:11.829716 [debug] [ThreadPool]: Using duckdb connection "create_teachable_silver"
[0m18:50:11.829852 [debug] [ThreadPool]: SQL status: OK in 0.001 seconds
[0m18:50:11.829981 [debug] [ThreadPool]: On create_teachable_silver: COMMIT
[0m18:50:11.830382 [debug] [ThreadPool]: On create_teachable_gold: COMMIT
[0m18:50:11.830564 [debug] [ThreadPool]: Using duckdb connection "create_teachable_gold"
[0m18:50:11.830695 [debug] [ThreadPool]: On create_teachable_gold: COMMIT
[0m18:50:11.830821 [debug] [ThreadPool]: SQL status: OK in 0.000 seconds
[0m18:50:11.830989 [debug] [ThreadPool]: On create_teachable_silver: Close
[0m18:50:11.831235 [debug] [ThreadPool]: SQL status: OK in 0.000 seconds
[0m18:50:11.831369 [debug] [ThreadPool]: On create_teachable_gold: Close
[0m18:50:11.832157 [debug] [ThreadPool]: Re-using an available connection from the pool (formerly create_teachable_gold, now list_teachable_gold)
[0m18:50:11.832369 [debug] [ThreadPool]: Re-using an available connection from the pool (formerly create_teachable_silver, now list_teachable_silver)
[0m18:50:11.835227 [debug] [ThreadPool]: Using duckdb connection "list_teachable_gold"
[0m18:50:11.836112 [debug] [ThreadPool]: Using duckdb connection "list_teachable_silver"
[0m18:50:11.836278 [debug] [ThreadPool]: On list_teachable_gold: BEGIN
[0m18:50:11.836426 [debug] [ThreadPool]: On list_teachable_silver: BEGIN
[0m18:50:11.836550 [debug] [ThreadPool]: Opening a new connection, currently in state closed
[0m18:50:11.836676 [debug] [ThreadPool]: Opening a new connection, currently in state closed
[0m18:50:11.837017 [debug] [ThreadPool]: SQL status: OK in 0.000 seconds
[0m18:50:11.837187 [debug] [ThreadPool]: SQL status: OK in 0.001 seconds
[0m18:50:11.837312 [debug] [ThreadPool]: Using duckdb connection "list_teachable_gold"
[0m18:50:11.837450 [debug] [ThreadPool]: Using duckdb connection "list_teachable_silver"
[0m18:50:11.837587 [debug] [ThreadPool]: On list_teachable_gold: /* {"app": "dbt", "dbt_version": "1.10.19", "profile_name": "teachable_gmv", "target_name": "dev", "connection_name": "list_teachable_gold"} */
select
      'teachable' as database,
      table_name as name,
      table_schema as schema,
      CASE table_type
        WHEN 'BASE TABLE' THEN 'table'
        WHEN 'VIEW' THEN 'view'
        WHEN 'LOCAL TEMPORARY' THEN 'table'
        END as type
    from system.information_schema.tables
    where lower(table_schema) = 'gold'
    and lower(table_catalog) = 'teachable'
  
[0m18:50:11.837742 [debug] [ThreadPool]: On list_teachable_silver: /* {"app": "dbt", "dbt_version": "1.10.19", "profile_name": "teachable_gmv", "target_name": "dev", "connection_name": "list_teachable_silver"} */
select
      'teachable' as database,
      table_name as name,
      table_schema as schema,
      CASE table_type
        WHEN 'BASE TABLE' THEN 'table'
        WHEN 'VIEW' THEN 'view'
        WHEN 'LOCAL TEMPORARY' THEN 'table'
        END as type
    from system.information_schema.tables
    where lower(table_schema) = 'silver'
    and lower(table_catalog) = 'teachable'
  
[0m18:50:11.847400 [debug] [ThreadPool]: SQL status: OK in 0.009 seconds
[0m18:50:11.847631 [debug] [ThreadPool]: SQL status: OK in 0.010 seconds
[0m18:50:11.848358 [debug] [ThreadPool]: On list_teachable_silver: ROLLBACK
[0m18:50:11.849034 [debug] [ThreadPool]: On list_teachable_gold: ROLLBACK
[0m18:50:11.849900 [debug] [ThreadPool]: Failed to rollback 'list_teachable_gold'
[0m18:50:11.850055 [debug] [ThreadPool]: On list_teachable_gold: Close
[0m18:50:11.850293 [debug] [ThreadPool]: Failed to rollback 'list_teachable_silver'
[0m18:50:11.850452 [debug] [ThreadPool]: On list_teachable_silver: Close
[0m18:50:11.851268 [debug] [MainThread]: Sending event: {'category': 'dbt', 'action': 'runnable_timing', 'label': 'f9ad00e2-c46e-4662-a316-3382981332a2', 'context': [<snowplow_tracker.self_describing_json.SelfDescribingJson object at 0x10557eb60>]}
[0m18:50:11.851502 [debug] [MainThread]: Using duckdb connection "master"
[0m18:50:11.851642 [debug] [MainThread]: On master: BEGIN
[0m18:50:11.851760 [debug] [MainThread]: Opening a new connection, currently in state init
[0m18:50:11.852038 [debug] [MainThread]: SQL status: OK in 0.000 seconds
[0m18:50:11.852171 [debug] [MainThread]: On master: COMMIT
[0m18:50:11.852298 [debug] [MainThread]: Using duckdb connection "master"
[0m18:50:11.852419 [debug] [MainThread]: On master: COMMIT
[0m18:50:11.852639 [debug] [MainThread]: SQL status: OK in 0.000 seconds
[0m18:50:11.852801 [debug] [MainThread]: On master: Close
[0m18:50:11.856227 [debug] [Thread-3 (]: Began running node model.teachable_gmv.stg_purchase
[0m18:50:11.856442 [debug] [Thread-4 (]: Began running node model.teachable_gmv.stg_purchase_extra_info
[0m18:50:11.856614 [debug] [Thread-1 (]: Began running node model.teachable_gmv.stg_order_transaction_cost_hist
[0m18:50:11.856769 [debug] [Thread-2 (]: Began running node model.teachable_gmv.stg_product_item
[0m18:50:11.857020 [info ] [Thread-3 (]: 3 of 7 START sql view model silver.stg_purchase ................................ [RUN]
[0m18:50:11.857287 [info ] [Thread-4 (]: 4 of 7 START sql view model silver.stg_purchase_extra_info ..................... [RUN]
[0m18:50:11.857538 [info ] [Thread-1 (]: 1 of 7 START sql view model silver.stg_order_transaction_cost_hist ............. [RUN]
[0m18:50:11.857776 [info ] [Thread-2 (]: 2 of 7 START sql view model silver.stg_product_item ............................ [RUN]
[0m18:50:11.858032 [debug] [Thread-3 (]: Acquiring new duckdb connection 'model.teachable_gmv.stg_purchase'
[0m18:50:11.858260 [debug] [Thread-4 (]: Acquiring new duckdb connection 'model.teachable_gmv.stg_purchase_extra_info'
[0m18:50:11.858440 [debug] [Thread-1 (]: Re-using an available connection from the pool (formerly list_teachable_gold, now model.teachable_gmv.stg_order_transaction_cost_hist)
[0m18:50:11.858611 [debug] [Thread-2 (]: Re-using an available connection from the pool (formerly list_teachable_silver, now model.teachable_gmv.stg_product_item)
[0m18:50:11.858783 [debug] [Thread-3 (]: Began compiling node model.teachable_gmv.stg_purchase
[0m18:50:11.858940 [debug] [Thread-4 (]: Began compiling node model.teachable_gmv.stg_purchase_extra_info
[0m18:50:11.859095 [debug] [Thread-1 (]: Began compiling node model.teachable_gmv.stg_order_transaction_cost_hist
[0m18:50:11.859246 [debug] [Thread-2 (]: Began compiling node model.teachable_gmv.stg_product_item
[0m18:50:11.863375 [debug] [Thread-3 (]: Writing injected SQL for node "model.teachable_gmv.stg_purchase"
[0m18:50:11.864961 [debug] [Thread-4 (]: Writing injected SQL for node "model.teachable_gmv.stg_purchase_extra_info"
[0m18:50:11.905583 [debug] [Thread-1 (]: Writing injected SQL for node "model.teachable_gmv.stg_order_transaction_cost_hist"
[0m18:50:11.907017 [debug] [Thread-2 (]: Writing injected SQL for node "model.teachable_gmv.stg_product_item"
[0m18:50:11.908683 [debug] [Thread-4 (]: Began executing node model.teachable_gmv.stg_purchase_extra_info
[0m18:50:11.914809 [debug] [Thread-3 (]: Began executing node model.teachable_gmv.stg_purchase
[0m18:50:11.928745 [debug] [Thread-4 (]: Writing runtime sql for node "model.teachable_gmv.stg_purchase_extra_info"
[0m18:50:11.929160 [debug] [Thread-1 (]: Began executing node model.teachable_gmv.stg_order_transaction_cost_hist
[0m18:50:11.930616 [debug] [Thread-1 (]: Writing runtime sql for node "model.teachable_gmv.stg_order_transaction_cost_hist"
[0m18:50:11.930913 [debug] [Thread-2 (]: Began executing node model.teachable_gmv.stg_product_item
[0m18:50:11.932442 [debug] [Thread-2 (]: Writing runtime sql for node "model.teachable_gmv.stg_product_item"
[0m18:50:11.933919 [debug] [Thread-3 (]: Writing runtime sql for node "model.teachable_gmv.stg_purchase"
[0m18:50:11.934256 [debug] [Thread-4 (]: Using duckdb connection "model.teachable_gmv.stg_purchase_extra_info"
[0m18:50:11.934452 [debug] [Thread-4 (]: On model.teachable_gmv.stg_purchase_extra_info: BEGIN
[0m18:50:11.934645 [debug] [Thread-1 (]: Using duckdb connection "model.teachable_gmv.stg_order_transaction_cost_hist"
[0m18:50:11.934832 [debug] [Thread-4 (]: Opening a new connection, currently in state init
[0m18:50:11.935022 [debug] [Thread-1 (]: On model.teachable_gmv.stg_order_transaction_cost_hist: BEGIN
[0m18:50:11.935213 [debug] [Thread-2 (]: Using duckdb connection "model.teachable_gmv.stg_product_item"
[0m18:50:11.935402 [debug] [Thread-3 (]: Using duckdb connection "model.teachable_gmv.stg_purchase"
[0m18:50:11.935699 [debug] [Thread-1 (]: Opening a new connection, currently in state closed
[0m18:50:11.935883 [debug] [Thread-2 (]: On model.teachable_gmv.stg_product_item: BEGIN
[0m18:50:11.936154 [debug] [Thread-4 (]: SQL status: OK in 0.001 seconds
[0m18:50:11.936350 [debug] [Thread-3 (]: On model.teachable_gmv.stg_purchase: BEGIN
[0m18:50:11.936695 [debug] [Thread-2 (]: Opening a new connection, currently in state closed
[0m18:50:11.936899 [debug] [Thread-4 (]: Using duckdb connection "model.teachable_gmv.stg_purchase_extra_info"
[0m18:50:11.937077 [debug] [Thread-1 (]: SQL status: OK in 0.001 seconds
[0m18:50:11.937237 [debug] [Thread-3 (]: Opening a new connection, currently in state init
[0m18:50:11.937518 [debug] [Thread-4 (]: On model.teachable_gmv.stg_purchase_extra_info: /* {"app": "dbt", "dbt_version": "1.10.19", "profile_name": "teachable_gmv", "target_name": "dev", "node_id": "model.teachable_gmv.stg_purchase_extra_info"} */

  
  create view "teachable"."silver"."stg_purchase_extra_info__dbt_tmp" as (
    

/*
    Staging: Purchase Extra Info

    Deduplicação CDC: mantém apenas a última versão de cada purchase_id
    baseado em transaction_datetime.

    Fonte: raw.purchase_extra_info (eventos CDC)
    Grain: 1 row per purchase_id

    Nota: subsidiary é a dimensão chave para agrupamento de GMV
*/

with source as (
    select * from "teachable"."raw"."purchase_extra_info"
),

deduplicated as (
    select
        purchase_id,
        purchase_partition,
        subsidiary,
        transaction_datetime,
        transaction_date
    from source
    qualify row_number() over (
        partition by purchase_id
        order by transaction_datetime desc
    ) = 1
)

select * from deduplicated
  );

[0m18:50:11.937729 [debug] [Thread-1 (]: Using duckdb connection "model.teachable_gmv.stg_order_transaction_cost_hist"
[0m18:50:11.937896 [debug] [Thread-2 (]: SQL status: OK in 0.001 seconds
[0m18:50:11.938270 [debug] [Thread-1 (]: On model.teachable_gmv.stg_order_transaction_cost_hist: /* {"app": "dbt", "dbt_version": "1.10.19", "profile_name": "teachable_gmv", "target_name": "dev", "node_id": "model.teachable_gmv.stg_order_transaction_cost_hist"} */

  
  create view "teachable"."silver"."stg_order_transaction_cost_hist__dbt_tmp" as (
    

/*
    Staging: Order Transaction Cost History

    Deduplicação CDC: mantém apenas a última versão de cada purchase_id
    baseado em transaction_datetime.

    Fonte: raw.order_transaction_cost_hist (eventos CDC)
    Grain: 1 row per purchase_id

    Nota: Esta tabela contém custos (VAT, installment) que não são usados
    no cálculo de GMV, mas estão disponíveis para evolução futura
    (ex: reconciliação com Finance).
*/

with source as (
    select * from "teachable"."raw"."order_transaction_cost_hist"
),

deduplicated as (
    select
        purchase_id,
        purchase_partition,
        order_transaction_cost_vat_value,
        order_transaction_cost_installment_value,
        order_transaction_cost_date,
        transaction_datetime,
        transaction_date
    from source
    qualify row_number() over (
        partition by purchase_id
        order by transaction_datetime desc
    ) = 1
)

select * from deduplicated
  );

[0m18:50:11.938479 [debug] [Thread-3 (]: SQL status: OK in 0.001 seconds
[0m18:50:11.938654 [debug] [Thread-2 (]: Using duckdb connection "model.teachable_gmv.stg_product_item"
[0m18:50:11.938823 [debug] [Thread-4 (]: SQL status: OK in 0.001 seconds
[0m18:50:11.939064 [debug] [Thread-3 (]: Using duckdb connection "model.teachable_gmv.stg_purchase"
[0m18:50:11.939267 [debug] [Thread-2 (]: On model.teachable_gmv.stg_product_item: /* {"app": "dbt", "dbt_version": "1.10.19", "profile_name": "teachable_gmv", "target_name": "dev", "node_id": "model.teachable_gmv.stg_product_item"} */

  
  create view "teachable"."silver"."stg_product_item__dbt_tmp" as (
    

/*
    Staging: Product Item

    Deduplicação CDC: mantém apenas a última versão de cada prod_item_id
    baseado em transaction_datetime.

    Fonte: raw.product_item (eventos CDC)
    Grain: 1 row per prod_item_id

    Nota: purchase_value é o campo usado para cálculo de GMV
*/

with source as (
    select * from "teachable"."raw"."product_item"
),

deduplicated as (
    select
        prod_item_id,
        prod_item_partition,
        product_id,
        item_quantity,
        purchase_value,
        transaction_datetime,
        transaction_date
    from source
    qualify row_number() over (
        partition by prod_item_id
        order by transaction_datetime desc
    ) = 1
)

select * from deduplicated
  );

[0m18:50:11.942825 [debug] [Thread-4 (]: Using duckdb connection "model.teachable_gmv.stg_purchase_extra_info"
[0m18:50:11.943060 [debug] [Thread-1 (]: SQL status: OK in 0.004 seconds
[0m18:50:11.943264 [debug] [Thread-3 (]: On model.teachable_gmv.stg_purchase: /* {"app": "dbt", "dbt_version": "1.10.19", "profile_name": "teachable_gmv", "target_name": "dev", "node_id": "model.teachable_gmv.stg_purchase"} */

  
  create view "teachable"."silver"."stg_purchase__dbt_tmp" as (
    

/*
    Staging: Purchase

    Deduplicação CDC: mantém apenas a última versão de cada purchase_id
    baseado em transaction_datetime.

    Fonte: raw.purchase (eventos CDC)
    Grain: 1 row per purchase_id
*/

with source as (
    select * from "teachable"."raw"."purchase"
),

deduplicated as (
    select
        purchase_id,
        buyer_id,
        prod_item_id,
        order_date,
        release_date,
        producer_id,
        purchase_partition,
        prod_item_partition,
        purchase_total_value,
        purchase_status,
        transaction_datetime,
        transaction_date
    from source
    qualify row_number() over (
        partition by purchase_id
        order by transaction_datetime desc
    ) = 1
)

select * from deduplicated
  );

[0m18:50:11.943596 [debug] [Thread-4 (]: On model.teachable_gmv.stg_purchase_extra_info: /* {"app": "dbt", "dbt_version": "1.10.19", "profile_name": "teachable_gmv", "target_name": "dev", "node_id": "model.teachable_gmv.stg_purchase_extra_info"} */
alter view "teachable"."silver"."stg_purchase_extra_info" rename to "stg_purchase_extra_info__dbt_backup"
[0m18:50:11.945267 [debug] [Thread-1 (]: Using duckdb connection "model.teachable_gmv.stg_order_transaction_cost_hist"
[0m18:50:11.945576 [debug] [Thread-2 (]: SQL status: OK in 0.002 seconds
[0m18:50:11.945842 [debug] [Thread-1 (]: On model.teachable_gmv.stg_order_transaction_cost_hist: /* {"app": "dbt", "dbt_version": "1.10.19", "profile_name": "teachable_gmv", "target_name": "dev", "node_id": "model.teachable_gmv.stg_order_transaction_cost_hist"} */
alter view "teachable"."silver"."stg_order_transaction_cost_hist" rename to "stg_order_transaction_cost_hist__dbt_backup"
[0m18:50:11.947283 [debug] [Thread-2 (]: Using duckdb connection "model.teachable_gmv.stg_product_item"
[0m18:50:11.947464 [debug] [Thread-4 (]: SQL status: OK in 0.002 seconds
[0m18:50:11.947634 [debug] [Thread-3 (]: SQL status: OK in 0.002 seconds
[0m18:50:11.947820 [debug] [Thread-2 (]: On model.teachable_gmv.stg_product_item: /* {"app": "dbt", "dbt_version": "1.10.19", "profile_name": "teachable_gmv", "target_name": "dev", "node_id": "model.teachable_gmv.stg_product_item"} */
alter view "teachable"."silver"."stg_product_item" rename to "stg_product_item__dbt_backup"
[0m18:50:11.949165 [debug] [Thread-4 (]: Using duckdb connection "model.teachable_gmv.stg_purchase_extra_info"
[0m18:50:11.950611 [debug] [Thread-3 (]: Using duckdb connection "model.teachable_gmv.stg_purchase"
[0m18:50:11.950821 [debug] [Thread-1 (]: SQL status: OK in 0.003 seconds
[0m18:50:11.951066 [debug] [Thread-4 (]: On model.teachable_gmv.stg_purchase_extra_info: /* {"app": "dbt", "dbt_version": "1.10.19", "profile_name": "teachable_gmv", "target_name": "dev", "node_id": "model.teachable_gmv.stg_purchase_extra_info"} */
alter view "teachable"."silver"."stg_purchase_extra_info__dbt_tmp" rename to "stg_purchase_extra_info"
[0m18:50:11.951244 [debug] [Thread-3 (]: On model.teachable_gmv.stg_purchase: /* {"app": "dbt", "dbt_version": "1.10.19", "profile_name": "teachable_gmv", "target_name": "dev", "node_id": "model.teachable_gmv.stg_purchase"} */
alter view "teachable"."silver"."stg_purchase" rename to "stg_purchase__dbt_backup"
[0m18:50:11.952545 [debug] [Thread-1 (]: Using duckdb connection "model.teachable_gmv.stg_order_transaction_cost_hist"
[0m18:50:11.952715 [debug] [Thread-2 (]: SQL status: OK in 0.002 seconds
[0m18:50:11.953069 [debug] [Thread-1 (]: On model.teachable_gmv.stg_order_transaction_cost_hist: /* {"app": "dbt", "dbt_version": "1.10.19", "profile_name": "teachable_gmv", "target_name": "dev", "node_id": "model.teachable_gmv.stg_order_transaction_cost_hist"} */
alter view "teachable"."silver"."stg_order_transaction_cost_hist__dbt_tmp" rename to "stg_order_transaction_cost_hist"
[0m18:50:11.954458 [debug] [Thread-2 (]: Using duckdb connection "model.teachable_gmv.stg_product_item"
[0m18:50:11.954635 [debug] [Thread-4 (]: SQL status: OK in 0.002 seconds
[0m18:50:11.954821 [debug] [Thread-3 (]: SQL status: OK in 0.002 seconds
[0m18:50:11.955065 [debug] [Thread-2 (]: On model.teachable_gmv.stg_product_item: /* {"app": "dbt", "dbt_version": "1.10.19", "profile_name": "teachable_gmv", "target_name": "dev", "node_id": "model.teachable_gmv.stg_product_item"} */
alter view "teachable"."silver"."stg_product_item__dbt_tmp" rename to "stg_product_item"
[0m18:50:11.961413 [debug] [Thread-4 (]: On model.teachable_gmv.stg_purchase_extra_info: COMMIT
[0m18:50:11.962832 [debug] [Thread-3 (]: Using duckdb connection "model.teachable_gmv.stg_purchase"
[0m18:50:11.963008 [debug] [Thread-1 (]: SQL status: OK in 0.008 seconds
[0m18:50:11.963316 [debug] [Thread-4 (]: Using duckdb connection "model.teachable_gmv.stg_purchase_extra_info"
[0m18:50:11.963517 [debug] [Thread-3 (]: On model.teachable_gmv.stg_purchase: /* {"app": "dbt", "dbt_version": "1.10.19", "profile_name": "teachable_gmv", "target_name": "dev", "node_id": "model.teachable_gmv.stg_purchase"} */
alter view "teachable"."silver"."stg_purchase__dbt_tmp" rename to "stg_purchase"
[0m18:50:11.964167 [debug] [Thread-1 (]: On model.teachable_gmv.stg_order_transaction_cost_hist: COMMIT
[0m18:50:11.964332 [debug] [Thread-2 (]: SQL status: OK in 0.001 seconds
[0m18:50:11.964496 [debug] [Thread-4 (]: On model.teachable_gmv.stg_purchase_extra_info: COMMIT
[0m18:50:11.964738 [debug] [Thread-1 (]: Using duckdb connection "model.teachable_gmv.stg_order_transaction_cost_hist"
[0m18:50:11.965350 [debug] [Thread-2 (]: On model.teachable_gmv.stg_product_item: COMMIT
[0m18:50:11.965552 [debug] [Thread-3 (]: SQL status: OK in 0.001 seconds
[0m18:50:11.965800 [debug] [Thread-1 (]: On model.teachable_gmv.stg_order_transaction_cost_hist: COMMIT
[0m18:50:11.966030 [debug] [Thread-2 (]: Using duckdb connection "model.teachable_gmv.stg_product_item"
[0m18:50:11.966256 [debug] [Thread-4 (]: SQL status: OK in 0.001 seconds
[0m18:50:11.966885 [debug] [Thread-3 (]: On model.teachable_gmv.stg_purchase: COMMIT
[0m18:50:11.967140 [debug] [Thread-2 (]: On model.teachable_gmv.stg_product_item: COMMIT
[0m18:50:11.970382 [debug] [Thread-4 (]: Using duckdb connection "model.teachable_gmv.stg_purchase_extra_info"
[0m18:50:11.970649 [debug] [Thread-1 (]: SQL status: OK in 0.004 seconds
[0m18:50:11.970825 [debug] [Thread-3 (]: Using duckdb connection "model.teachable_gmv.stg_purchase"
[0m18:50:11.971073 [debug] [Thread-4 (]: On model.teachable_gmv.stg_purchase_extra_info: /* {"app": "dbt", "dbt_version": "1.10.19", "profile_name": "teachable_gmv", "target_name": "dev", "node_id": "model.teachable_gmv.stg_purchase_extra_info"} */

      drop view if exists "teachable"."silver"."stg_purchase_extra_info__dbt_backup" cascade
    
[0m18:50:11.972195 [debug] [Thread-1 (]: Using duckdb connection "model.teachable_gmv.stg_order_transaction_cost_hist"
[0m18:50:11.972413 [debug] [Thread-2 (]: SQL status: OK in 0.001 seconds
[0m18:50:11.972604 [debug] [Thread-3 (]: On model.teachable_gmv.stg_purchase: COMMIT
[0m18:50:11.972873 [debug] [Thread-1 (]: On model.teachable_gmv.stg_order_transaction_cost_hist: /* {"app": "dbt", "dbt_version": "1.10.19", "profile_name": "teachable_gmv", "target_name": "dev", "node_id": "model.teachable_gmv.stg_order_transaction_cost_hist"} */

      drop view if exists "teachable"."silver"."stg_order_transaction_cost_hist__dbt_backup" cascade
    
[0m18:50:11.973948 [debug] [Thread-2 (]: Using duckdb connection "model.teachable_gmv.stg_product_item"
[0m18:50:11.974129 [debug] [Thread-4 (]: SQL status: OK in 0.001 seconds
[0m18:50:11.974534 [debug] [Thread-2 (]: On model.teachable_gmv.stg_product_item: /* {"app": "dbt", "dbt_version": "1.10.19", "profile_name": "teachable_gmv", "target_name": "dev", "node_id": "model.teachable_gmv.stg_product_item"} */

      drop view if exists "teachable"."silver"."stg_product_item__dbt_backup" cascade
    
[0m18:50:11.974716 [debug] [Thread-1 (]: SQL status: OK in 0.000 seconds
[0m18:50:11.974884 [debug] [Thread-3 (]: SQL status: OK in 0.001 seconds
[0m18:50:11.976162 [debug] [Thread-4 (]: On model.teachable_gmv.stg_purchase_extra_info: Close
[0m18:50:11.976903 [debug] [Thread-1 (]: On model.teachable_gmv.stg_order_transaction_cost_hist: Close
[0m18:50:11.978215 [debug] [Thread-3 (]: Using duckdb connection "model.teachable_gmv.stg_purchase"
[0m18:50:11.979176 [debug] [Thread-2 (]: SQL status: OK in 0.003 seconds
[0m18:50:11.979366 [debug] [Thread-3 (]: On model.teachable_gmv.stg_purchase: /* {"app": "dbt", "dbt_version": "1.10.19", "profile_name": "teachable_gmv", "target_name": "dev", "node_id": "model.teachable_gmv.stg_purchase"} */

      drop view if exists "teachable"."silver"."stg_purchase__dbt_backup" cascade
    
[0m18:50:11.980550 [debug] [Thread-2 (]: On model.teachable_gmv.stg_product_item: Close
[0m18:50:11.981014 [debug] [Thread-4 (]: Sending event: {'category': 'dbt', 'action': 'run_model', 'label': 'f9ad00e2-c46e-4662-a316-3382981332a2', 'context': [<snowplow_tracker.self_describing_json.SelfDescribingJson object at 0x1052e37d0>]}
[0m18:50:11.981206 [debug] [Thread-3 (]: SQL status: OK in 0.000 seconds
[0m18:50:11.981371 [debug] [Thread-1 (]: Sending event: {'category': 'dbt', 'action': 'run_model', 'label': 'f9ad00e2-c46e-4662-a316-3382981332a2', 'context': [<snowplow_tracker.self_describing_json.SelfDescribingJson object at 0x10559d7b0>]}
[0m18:50:11.981564 [debug] [Thread-2 (]: Sending event: {'category': 'dbt', 'action': 'run_model', 'label': 'f9ad00e2-c46e-4662-a316-3382981332a2', 'context': [<snowplow_tracker.self_describing_json.SelfDescribingJson object at 0x1019ba8f0>]}
[0m18:50:11.982449 [debug] [Thread-3 (]: On model.teachable_gmv.stg_purchase: Close
[0m18:50:11.981845 [info ] [Thread-4 (]: 4 of 7 OK created sql view model silver.stg_purchase_extra_info ................ [[32mOK[0m in 0.12s]
[0m18:50:11.982788 [info ] [Thread-1 (]: 1 of 7 OK created sql view model silver.stg_order_transaction_cost_hist ........ [[32mOK[0m in 0.12s]
[0m18:50:11.983085 [info ] [Thread-2 (]: 2 of 7 OK created sql view model silver.stg_product_item ....................... [[32mOK[0m in 0.12s]
[0m18:50:11.983336 [debug] [Thread-3 (]: Sending event: {'category': 'dbt', 'action': 'run_model', 'label': 'f9ad00e2-c46e-4662-a316-3382981332a2', 'context': [<snowplow_tracker.self_describing_json.SelfDescribingJson object at 0x103726e50>]}
[0m18:50:11.983595 [debug] [Thread-4 (]: Finished running node model.teachable_gmv.stg_purchase_extra_info
[0m18:50:11.983843 [debug] [Thread-1 (]: Finished running node model.teachable_gmv.stg_order_transaction_cost_hist
[0m18:50:11.984082 [debug] [Thread-2 (]: Finished running node model.teachable_gmv.stg_product_item
[0m18:50:11.984358 [info ] [Thread-3 (]: 3 of 7 OK created sql view model silver.stg_purchase ........................... [[32mOK[0m in 0.13s]
[0m18:50:11.984752 [debug] [Thread-3 (]: Finished running node model.teachable_gmv.stg_purchase
[0m18:50:11.985076 [debug] [Thread-4 (]: Began running node model.teachable_gmv.int_purchase_enriched
[0m18:50:11.985346 [info ] [Thread-4 (]: 5 of 7 START sql view model silver.int_purchase_enriched ....................... [RUN]
[0m18:50:11.985584 [debug] [Thread-4 (]: Re-using an available connection from the pool (formerly model.teachable_gmv.stg_purchase_extra_info, now model.teachable_gmv.int_purchase_enriched)
[0m18:50:11.985765 [debug] [Thread-4 (]: Began compiling node model.teachable_gmv.int_purchase_enriched
[0m18:50:11.987613 [debug] [Thread-4 (]: Writing injected SQL for node "model.teachable_gmv.int_purchase_enriched"
[0m18:50:11.988119 [debug] [Thread-4 (]: Began executing node model.teachable_gmv.int_purchase_enriched
[0m18:50:11.990173 [debug] [Thread-4 (]: Writing runtime sql for node "model.teachable_gmv.int_purchase_enriched"
[0m18:50:11.990659 [debug] [Thread-4 (]: Using duckdb connection "model.teachable_gmv.int_purchase_enriched"
[0m18:50:11.990841 [debug] [Thread-4 (]: On model.teachable_gmv.int_purchase_enriched: BEGIN
[0m18:50:11.991007 [debug] [Thread-4 (]: Opening a new connection, currently in state closed
[0m18:50:11.991387 [debug] [Thread-4 (]: SQL status: OK in 0.000 seconds
[0m18:50:11.991550 [debug] [Thread-4 (]: Using duckdb connection "model.teachable_gmv.int_purchase_enriched"
[0m18:50:11.991761 [debug] [Thread-4 (]: On model.teachable_gmv.int_purchase_enriched: /* {"app": "dbt", "dbt_version": "1.10.19", "profile_name": "teachable_gmv", "target_name": "dev", "node_id": "model.teachable_gmv.int_purchase_enriched"} */

  
  create view "teachable"."silver"."int_purchase_enriched__dbt_tmp" as (
    

/*
    Intermediate: Purchase Enriched

    Consolida as stagings em uma única visão desnormalizada,
    preparando os dados para a camada gold.

    Joins:
    - stg_purchase (base)
    - stg_product_item (via prod_item_id) -> purchase_value para GMV
    - stg_purchase_extra_info (via purchase_id) -> subsidiary para agrupamento

    Grain: 1 row per purchase_id

    Esta tabela entrega todos os campos necessários para a gold
    calcular GMV por subsidiary sem necessidade de joins adicionais.

    Requisito atendido: "Simple to query by non-expert SQL users (no joins needed)"
*/

with purchase as (
    select * from "teachable"."silver"."stg_purchase"
),

product_item as (
    select * from "teachable"."silver"."stg_product_item"
),

purchase_extra_info as (
    select * from "teachable"."silver"."stg_purchase_extra_info"
),

enriched as (
    select
        -- Identificadores
        p.purchase_id,
        p.buyer_id,
        p.producer_id,
        pi.product_id,

        -- Dimensões temporais
        p.transaction_date,
        p.order_date,
        p.release_date,

        -- Dimensões de negócio
        pei.subsidiary,
        p.purchase_status,

        -- Métricas
        pi.purchase_value,
        pi.item_quantity,

        -- Campos técnicos (para auditoria/debug)
        p.prod_item_id,
        greatest(
            p.transaction_datetime,
            coalesce(pi.transaction_datetime, p.transaction_datetime),
            coalesce(pei.transaction_datetime, p.transaction_datetime)
        ) as last_updated_at

    from purchase p
    left join product_item pi
        on p.prod_item_id = pi.prod_item_id
    left join purchase_extra_info pei
        on p.purchase_id = pei.purchase_id
)

select * from enriched
  );

[0m18:50:11.993766 [debug] [Thread-4 (]: SQL status: OK in 0.002 seconds
[0m18:50:11.995534 [debug] [Thread-4 (]: Using duckdb connection "model.teachable_gmv.int_purchase_enriched"
[0m18:50:11.995762 [debug] [Thread-4 (]: On model.teachable_gmv.int_purchase_enriched: /* {"app": "dbt", "dbt_version": "1.10.19", "profile_name": "teachable_gmv", "target_name": "dev", "node_id": "model.teachable_gmv.int_purchase_enriched"} */
alter view "teachable"."silver"."int_purchase_enriched" rename to "int_purchase_enriched__dbt_backup"
[0m18:50:11.996269 [debug] [Thread-4 (]: SQL status: OK in 0.000 seconds
[0m18:50:11.997678 [debug] [Thread-4 (]: Using duckdb connection "model.teachable_gmv.int_purchase_enriched"
[0m18:50:11.997873 [debug] [Thread-4 (]: On model.teachable_gmv.int_purchase_enriched: /* {"app": "dbt", "dbt_version": "1.10.19", "profile_name": "teachable_gmv", "target_name": "dev", "node_id": "model.teachable_gmv.int_purchase_enriched"} */
alter view "teachable"."silver"."int_purchase_enriched__dbt_tmp" rename to "int_purchase_enriched"
[0m18:50:11.998262 [debug] [Thread-4 (]: SQL status: OK in 0.000 seconds
[0m18:50:11.998918 [debug] [Thread-4 (]: On model.teachable_gmv.int_purchase_enriched: COMMIT
[0m18:50:11.999104 [debug] [Thread-4 (]: Using duckdb connection "model.teachable_gmv.int_purchase_enriched"
[0m18:50:11.999266 [debug] [Thread-4 (]: On model.teachable_gmv.int_purchase_enriched: COMMIT
[0m18:50:11.999778 [debug] [Thread-4 (]: SQL status: OK in 0.000 seconds
[0m18:50:12.001182 [debug] [Thread-4 (]: Using duckdb connection "model.teachable_gmv.int_purchase_enriched"
[0m18:50:12.001367 [debug] [Thread-4 (]: On model.teachable_gmv.int_purchase_enriched: /* {"app": "dbt", "dbt_version": "1.10.19", "profile_name": "teachable_gmv", "target_name": "dev", "node_id": "model.teachable_gmv.int_purchase_enriched"} */

      drop view if exists "teachable"."silver"."int_purchase_enriched__dbt_backup" cascade
    
[0m18:50:12.001788 [debug] [Thread-4 (]: SQL status: OK in 0.000 seconds
[0m18:50:12.002466 [debug] [Thread-4 (]: On model.teachable_gmv.int_purchase_enriched: Close
[0m18:50:12.002807 [debug] [Thread-4 (]: Sending event: {'category': 'dbt', 'action': 'run_model', 'label': 'f9ad00e2-c46e-4662-a316-3382981332a2', 'context': [<snowplow_tracker.self_describing_json.SelfDescribingJson object at 0x1053b0590>]}
[0m18:50:12.003145 [info ] [Thread-4 (]: 5 of 7 OK created sql view model silver.int_purchase_enriched .................. [[32mOK[0m in 0.02s]
[0m18:50:12.003417 [debug] [Thread-4 (]: Finished running node model.teachable_gmv.int_purchase_enriched
[0m18:50:12.003777 [debug] [Thread-1 (]: Began running node model.teachable_gmv.fact_gmv_snapshot
[0m18:50:12.004062 [info ] [Thread-1 (]: 6 of 7 START sql incremental model gold.fact_gmv_snapshot ...................... [RUN]
[0m18:50:12.004295 [debug] [Thread-1 (]: Re-using an available connection from the pool (formerly model.teachable_gmv.stg_order_transaction_cost_hist, now model.teachable_gmv.fact_gmv_snapshot)
[0m18:50:12.004482 [debug] [Thread-1 (]: Began compiling node model.teachable_gmv.fact_gmv_snapshot
[0m18:50:12.009312 [debug] [Thread-1 (]: Writing injected SQL for node "model.teachable_gmv.fact_gmv_snapshot"
[0m18:50:12.009822 [debug] [Thread-1 (]: Began executing node model.teachable_gmv.fact_gmv_snapshot
[0m18:50:12.032734 [debug] [Thread-1 (]: Using duckdb connection "model.teachable_gmv.fact_gmv_snapshot"
[0m18:50:12.033060 [debug] [Thread-1 (]: On model.teachable_gmv.fact_gmv_snapshot: /* {"app": "dbt", "dbt_version": "1.10.19", "profile_name": "teachable_gmv", "target_name": "dev", "node_id": "model.teachable_gmv.fact_gmv_snapshot"} */

    
  
    
    

    create temporary table
      "fact_gmv_snapshot__dbt_tmp20260121185012027108"
  
    as (
      

/*
    Gold: fact_gmv_snapshot

    Tabela fact de GMV com snapshot diário, atendendo os 9 requisitos do case:

    1. GMV só de released transactions -> is_valid_for_gmv flag
    2. Late arrivals -> snapshot captura estado atual
    3. Imutabilidade -> append-only, nunca UPDATE/DELETE
    4. As-of queries -> snapshot_date como filtro
    5. Current/historical/lineage -> filtros simples
    6. Simples (no joins) -> desnormalizada
    7. Partição transaction_date -> particionada por transaction_date
    8. D-1 batches -> snapshot_date = CURRENT_DATE
    9. Reprocessing não reescreve -> append-only

    Grain: (purchase_id, snapshot_date)
    Partição: transaction_date

    Queries típicas:
    - GMV atual: WHERE snapshot_date = (SELECT MAX(snapshot_date) FROM ...) AND is_valid_for_gmv = true
    - As-of: WHERE snapshot_date = '2023-03-31' AND is_valid_for_gmv = true
*/

with source as (
    select * from "teachable"."silver"."int_purchase_enriched"
),

snapshot as (
    select
        -- Chave primária composta
        purchase_id,
        current_date as snapshot_date,

        -- Partição (transaction_date) - cumpre requisito #7
        transaction_date,

        -- Dimensões temporais
        order_date,
        release_date,

        -- Dimensões de negócio
        subsidiary,
        buyer_id,
        producer_id,
        product_id,
        purchase_status,

        -- Métricas
        purchase_value,
        item_quantity,

        -- Flag para cálculo de GMV - cumpre requisito #1
        -- GMV = apenas transações com pagamento capturado (release_date preenchido)
        -- e não canceladas (status APROVADA)
        (release_date is not null and purchase_status = 'APROVADA') as is_valid_for_gmv,

        -- Auditoria
        last_updated_at

    from source
)

select * from snapshot

where not exists (
    select 1
    from "teachable"."gold"."fact_gmv_snapshot" existing
    where existing.purchase_id = snapshot.purchase_id
      and existing.snapshot_date = current_date
)

    );
  
  
  
[0m18:50:12.033321 [debug] [Thread-1 (]: Opening a new connection, currently in state closed
[0m18:50:12.056390 [debug] [Thread-1 (]: SQL status: OK in 0.023 seconds
[0m18:50:12.060548 [debug] [Thread-1 (]: Using duckdb connection "model.teachable_gmv.fact_gmv_snapshot"
[0m18:50:12.060796 [debug] [Thread-1 (]: On model.teachable_gmv.fact_gmv_snapshot: BEGIN
[0m18:50:12.061160 [debug] [Thread-1 (]: SQL status: OK in 0.000 seconds
[0m18:50:12.061331 [debug] [Thread-1 (]: Using duckdb connection "model.teachable_gmv.fact_gmv_snapshot"
[0m18:50:12.061546 [debug] [Thread-1 (]: On model.teachable_gmv.fact_gmv_snapshot: /* {"app": "dbt", "dbt_version": "1.10.19", "profile_name": "teachable_gmv", "target_name": "dev", "node_id": "model.teachable_gmv.fact_gmv_snapshot"} */

      select
          column_name,
          data_type,
          character_maximum_length,
          numeric_precision,
          numeric_scale

      from system.information_schema.columns
      where table_name = 'fact_gmv_snapshot__dbt_tmp20260121185012027108'
      
      
      order by ordinal_position

  
[0m18:50:12.063659 [debug] [Thread-1 (]: SQL status: OK in 0.002 seconds
[0m18:50:12.069036 [debug] [Thread-1 (]: Using duckdb connection "model.teachable_gmv.fact_gmv_snapshot"
[0m18:50:12.069332 [debug] [Thread-1 (]: On model.teachable_gmv.fact_gmv_snapshot: /* {"app": "dbt", "dbt_version": "1.10.19", "profile_name": "teachable_gmv", "target_name": "dev", "node_id": "model.teachable_gmv.fact_gmv_snapshot"} */

      select
          column_name,
          data_type,
          character_maximum_length,
          numeric_precision,
          numeric_scale

      from system.information_schema.columns
      where table_name = 'fact_gmv_snapshot'
      
      and lower(table_schema) = 'gold'
      
      
      and lower(table_catalog) = 'teachable'
      
      order by ordinal_position

  
[0m18:50:12.071050 [debug] [Thread-1 (]: SQL status: OK in 0.001 seconds
[0m18:50:12.075881 [debug] [Thread-1 (]: Using duckdb connection "model.teachable_gmv.fact_gmv_snapshot"
[0m18:50:12.076130 [debug] [Thread-1 (]: On model.teachable_gmv.fact_gmv_snapshot: /* {"app": "dbt", "dbt_version": "1.10.19", "profile_name": "teachable_gmv", "target_name": "dev", "node_id": "model.teachable_gmv.fact_gmv_snapshot"} */

      select
          column_name,
          data_type,
          character_maximum_length,
          numeric_precision,
          numeric_scale

      from system.information_schema.columns
      where table_name = 'fact_gmv_snapshot'
      
      and lower(table_schema) = 'gold'
      
      
      and lower(table_catalog) = 'teachable'
      
      order by ordinal_position

  
[0m18:50:12.077931 [debug] [Thread-1 (]: SQL status: OK in 0.002 seconds
[0m18:50:12.079094 [debug] [Thread-1 (]: Using duckdb connection "model.teachable_gmv.fact_gmv_snapshot"
[0m18:50:12.079326 [debug] [Thread-1 (]: On model.teachable_gmv.fact_gmv_snapshot: /* {"app": "dbt", "dbt_version": "1.10.19", "profile_name": "teachable_gmv", "target_name": "dev", "node_id": "model.teachable_gmv.fact_gmv_snapshot"} */
SELECT version()
[0m18:50:12.079827 [debug] [Thread-1 (]: SQL status: OK in 0.000 seconds
[0m18:50:12.084033 [debug] [Thread-1 (]: Writing runtime sql for node "model.teachable_gmv.fact_gmv_snapshot"
[0m18:50:12.084593 [debug] [Thread-1 (]: Using duckdb connection "model.teachable_gmv.fact_gmv_snapshot"
[0m18:50:12.084811 [debug] [Thread-1 (]: On model.teachable_gmv.fact_gmv_snapshot: /* {"app": "dbt", "dbt_version": "1.10.19", "profile_name": "teachable_gmv", "target_name": "dev", "node_id": "model.teachable_gmv.fact_gmv_snapshot"} */
insert into "teachable"."gold"."fact_gmv_snapshot" ("purchase_id", "snapshot_date", "transaction_date", "order_date", "release_date", "subsidiary", "buyer_id", "producer_id", "product_id", "purchase_status", "purchase_value", "item_quantity", "is_valid_for_gmv", "last_updated_at")
    (
        select "purchase_id", "snapshot_date", "transaction_date", "order_date", "release_date", "subsidiary", "buyer_id", "producer_id", "product_id", "purchase_status", "purchase_value", "item_quantity", "is_valid_for_gmv", "last_updated_at"
        from "fact_gmv_snapshot__dbt_tmp20260121185012027108"
    )


  
[0m18:50:12.086159 [debug] [Thread-1 (]: SQL status: OK in 0.001 seconds
[0m18:50:12.086975 [debug] [Thread-1 (]: On model.teachable_gmv.fact_gmv_snapshot: COMMIT
[0m18:50:12.087190 [debug] [Thread-1 (]: Using duckdb connection "model.teachable_gmv.fact_gmv_snapshot"
[0m18:50:12.087362 [debug] [Thread-1 (]: On model.teachable_gmv.fact_gmv_snapshot: COMMIT
[0m18:50:12.087749 [debug] [Thread-1 (]: SQL status: OK in 0.000 seconds
[0m18:50:12.088134 [debug] [Thread-1 (]: On model.teachable_gmv.fact_gmv_snapshot: Close
[0m18:50:12.088434 [debug] [Thread-1 (]: Sending event: {'category': 'dbt', 'action': 'run_model', 'label': 'f9ad00e2-c46e-4662-a316-3382981332a2', 'context': [<snowplow_tracker.self_describing_json.SelfDescribingJson object at 0x105622a50>]}
[0m18:50:12.088754 [info ] [Thread-1 (]: 6 of 7 OK created sql incremental model gold.fact_gmv_snapshot ................. [[32mOK[0m in 0.08s]
[0m18:50:12.089022 [debug] [Thread-1 (]: Finished running node model.teachable_gmv.fact_gmv_snapshot
[0m18:50:12.089360 [debug] [Thread-2 (]: Began running node model.teachable_gmv.v_gmv_current
[0m18:50:12.089637 [info ] [Thread-2 (]: 7 of 7 START sql view model gold.v_gmv_current ................................. [RUN]
[0m18:50:12.089908 [debug] [Thread-2 (]: Re-using an available connection from the pool (formerly model.teachable_gmv.stg_product_item, now model.teachable_gmv.v_gmv_current)
[0m18:50:12.090083 [debug] [Thread-2 (]: Began compiling node model.teachable_gmv.v_gmv_current
[0m18:50:12.092101 [debug] [Thread-2 (]: Writing injected SQL for node "model.teachable_gmv.v_gmv_current"
[0m18:50:12.092751 [debug] [Thread-2 (]: Began executing node model.teachable_gmv.v_gmv_current
[0m18:50:12.094091 [debug] [Thread-2 (]: Writing runtime sql for node "model.teachable_gmv.v_gmv_current"
[0m18:50:12.094412 [debug] [Thread-2 (]: Using duckdb connection "model.teachable_gmv.v_gmv_current"
[0m18:50:12.094584 [debug] [Thread-2 (]: On model.teachable_gmv.v_gmv_current: BEGIN
[0m18:50:12.094738 [debug] [Thread-2 (]: Opening a new connection, currently in state closed
[0m18:50:12.095196 [debug] [Thread-2 (]: SQL status: OK in 0.000 seconds
[0m18:50:12.095363 [debug] [Thread-2 (]: Using duckdb connection "model.teachable_gmv.v_gmv_current"
[0m18:50:12.095563 [debug] [Thread-2 (]: On model.teachable_gmv.v_gmv_current: /* {"app": "dbt", "dbt_version": "1.10.19", "profile_name": "teachable_gmv", "target_name": "dev", "node_id": "model.teachable_gmv.v_gmv_current"} */

  
  create view "teachable"."gold"."v_gmv_current__dbt_tmp" as (
    

/*
    View: v_gmv_current

    Simplifica o acesso ao estado atual do GMV, eliminando a necessidade
    de subquery para encontrar o snapshot mais recente.

    Caso de uso: 80% das queries de consumo querem o "estado atual".
    Esta view encapsula esse padrão, reduzindo erro de usuário e
    simplificando queries para analistas.

    Antes (fact_gmv_snapshot):
    ```sql
    SELECT subsidiary, SUM(purchase_value) as gmv
    FROM gold.fact_gmv_snapshot
    WHERE snapshot_date = (SELECT MAX(snapshot_date) FROM gold.fact_gmv_snapshot)
      AND is_valid_for_gmv = true
    GROUP BY subsidiary;
    ```

    Depois (v_gmv_current):
    ```sql
    SELECT subsidiary, SUM(purchase_value) as gmv
    FROM gold.v_gmv_current
    WHERE is_valid_for_gmv = true
    GROUP BY subsidiary;
    ```

    Nota: Para queries as-of (estado em data específica), use fact_gmv_snapshot diretamente.
*/

with latest_snapshot as (
    select max(snapshot_date) as max_snapshot_date
    from "teachable"."gold"."fact_gmv_snapshot"
)

select
    f.purchase_id,
    f.snapshot_date,
    f.transaction_date,
    f.order_date,
    f.release_date,
    f.subsidiary,
    f.buyer_id,
    f.producer_id,
    f.product_id,
    f.purchase_status,
    f.purchase_value,
    f.item_quantity,
    f.is_valid_for_gmv,
    f.last_updated_at
from "teachable"."gold"."fact_gmv_snapshot" f
cross join latest_snapshot ls
where f.snapshot_date = ls.max_snapshot_date
  );

[0m18:50:12.096149 [debug] [Thread-2 (]: SQL status: OK in 0.000 seconds
[0m18:50:12.098130 [debug] [Thread-2 (]: Using duckdb connection "model.teachable_gmv.v_gmv_current"
[0m18:50:12.098365 [debug] [Thread-2 (]: On model.teachable_gmv.v_gmv_current: /* {"app": "dbt", "dbt_version": "1.10.19", "profile_name": "teachable_gmv", "target_name": "dev", "node_id": "model.teachable_gmv.v_gmv_current"} */
alter view "teachable"."gold"."v_gmv_current" rename to "v_gmv_current__dbt_backup"
[0m18:50:12.098780 [debug] [Thread-2 (]: SQL status: OK in 0.000 seconds
[0m18:50:12.100767 [debug] [Thread-2 (]: Using duckdb connection "model.teachable_gmv.v_gmv_current"
[0m18:50:12.101029 [debug] [Thread-2 (]: On model.teachable_gmv.v_gmv_current: /* {"app": "dbt", "dbt_version": "1.10.19", "profile_name": "teachable_gmv", "target_name": "dev", "node_id": "model.teachable_gmv.v_gmv_current"} */
alter view "teachable"."gold"."v_gmv_current__dbt_tmp" rename to "v_gmv_current"
[0m18:50:12.101466 [debug] [Thread-2 (]: SQL status: OK in 0.000 seconds
[0m18:50:12.102152 [debug] [Thread-2 (]: On model.teachable_gmv.v_gmv_current: COMMIT
[0m18:50:12.102327 [debug] [Thread-2 (]: Using duckdb connection "model.teachable_gmv.v_gmv_current"
[0m18:50:12.102484 [debug] [Thread-2 (]: On model.teachable_gmv.v_gmv_current: COMMIT
[0m18:50:12.103014 [debug] [Thread-2 (]: SQL status: OK in 0.000 seconds
[0m18:50:12.104129 [debug] [Thread-2 (]: Using duckdb connection "model.teachable_gmv.v_gmv_current"
[0m18:50:12.104296 [debug] [Thread-2 (]: On model.teachable_gmv.v_gmv_current: /* {"app": "dbt", "dbt_version": "1.10.19", "profile_name": "teachable_gmv", "target_name": "dev", "node_id": "model.teachable_gmv.v_gmv_current"} */

      drop view if exists "teachable"."gold"."v_gmv_current__dbt_backup" cascade
    
[0m18:50:12.104689 [debug] [Thread-2 (]: SQL status: OK in 0.000 seconds
[0m18:50:12.105334 [debug] [Thread-2 (]: On model.teachable_gmv.v_gmv_current: Close
[0m18:50:12.105602 [debug] [Thread-2 (]: Sending event: {'category': 'dbt', 'action': 'run_model', 'label': 'f9ad00e2-c46e-4662-a316-3382981332a2', 'context': [<snowplow_tracker.self_describing_json.SelfDescribingJson object at 0x104deac30>]}
[0m18:50:12.105920 [info ] [Thread-2 (]: 7 of 7 OK created sql view model gold.v_gmv_current ............................ [[32mOK[0m in 0.02s]
[0m18:50:12.106180 [debug] [Thread-2 (]: Finished running node model.teachable_gmv.v_gmv_current
[0m18:50:12.106784 [debug] [MainThread]: Using duckdb connection "master"
[0m18:50:12.106962 [debug] [MainThread]: On master: BEGIN
[0m18:50:12.107100 [debug] [MainThread]: Opening a new connection, currently in state closed
[0m18:50:12.107403 [debug] [MainThread]: SQL status: OK in 0.000 seconds
[0m18:50:12.107543 [debug] [MainThread]: On master: COMMIT
[0m18:50:12.107672 [debug] [MainThread]: Using duckdb connection "master"
[0m18:50:12.107794 [debug] [MainThread]: On master: COMMIT
[0m18:50:12.108000 [debug] [MainThread]: SQL status: OK in 0.000 seconds
[0m18:50:12.108129 [debug] [MainThread]: On master: Close
[0m18:50:12.108301 [debug] [MainThread]: Connection 'master' was properly closed.
[0m18:50:12.108424 [debug] [MainThread]: Connection 'model.teachable_gmv.fact_gmv_snapshot' was properly closed.
[0m18:50:12.108539 [debug] [MainThread]: Connection 'model.teachable_gmv.v_gmv_current' was properly closed.
[0m18:50:12.108653 [debug] [MainThread]: Connection 'model.teachable_gmv.stg_purchase' was properly closed.
[0m18:50:12.108762 [debug] [MainThread]: Connection 'model.teachable_gmv.int_purchase_enriched' was properly closed.
[0m18:50:12.108931 [info ] [MainThread]: 
[0m18:50:12.109077 [info ] [MainThread]: Finished running 1 incremental model, 6 view models in 0 hours 0 minutes and 0.35 seconds (0.35s).
[0m18:50:12.109729 [debug] [MainThread]: Command end result
[0m18:50:12.126685 [debug] [MainThread]: Wrote artifact WritableManifest to /Users/davidlima/wspace/Teachable-Interview/teachable_davifati_dataengineeringprincipal_technicalcase/dbt_project/target/manifest.json
[0m18:50:12.127871 [debug] [MainThread]: Wrote artifact SemanticManifest to /Users/davidlima/wspace/Teachable-Interview/teachable_davifati_dataengineeringprincipal_technicalcase/dbt_project/target/semantic_manifest.json
[0m18:50:12.131390 [debug] [MainThread]: Wrote artifact RunExecutionResult to /Users/davidlima/wspace/Teachable-Interview/teachable_davifati_dataengineeringprincipal_technicalcase/dbt_project/target/run_results.json
[0m18:50:12.131648 [info ] [MainThread]: 
[0m18:50:12.131832 [info ] [MainThread]: [32mCompleted successfully[0m
[0m18:50:12.131977 [info ] [MainThread]: 
[0m18:50:12.132143 [info ] [MainThread]: Done. PASS=7 WARN=0 ERROR=0 SKIP=0 NO-OP=0 TOTAL=7
[0m18:50:12.133977 [debug] [MainThread]: Resource report: {"command_name": "run", "command_success": true, "command_wall_clock_time": 0.91669136, "process_in_blocks": "0", "process_kernel_time": 0.244679, "process_mem_max_rss": "168509440", "process_out_blocks": "0", "process_user_time": 1.3407}
[0m18:50:12.134231 [debug] [MainThread]: Command `dbt run` succeeded at 18:50:12.134186 after 0.92 seconds
[0m18:50:12.134423 [debug] [MainThread]: Sending event: {'category': 'dbt', 'action': 'invocation', 'label': 'end', 'context': [<snowplow_tracker.self_describing_json.SelfDescribingJson object at 0x103eae510>, <snowplow_tracker.self_describing_json.SelfDescribingJson object at 0x105770290>, <snowplow_tracker.self_describing_json.SelfDescribingJson object at 0x105771490>]}
[0m18:50:12.134617 [debug] [MainThread]: Flushing usage events
[0m18:50:13.180884 [debug] [MainThread]: An error was encountered while trying to flush usage events
[0m23:01:29.666624 [debug] [MainThread]: Sending event: {'category': 'dbt', 'action': 'invocation', 'label': 'start', 'context': [<snowplow_tracker.self_describing_json.SelfDescribingJson object at 0x1079101a0>, <snowplow_tracker.self_describing_json.SelfDescribingJson object at 0x10875fb10>, <snowplow_tracker.self_describing_json.SelfDescribingJson object at 0x10875f9d0>]}


============================== 23:01:29.670530 | f9b8e4da-76c9-4376-a78c-32d21993a1f0 ==============================
[0m23:01:29.670530 [info ] [MainThread]: Running with dbt=1.10.19
[0m23:01:29.670886 [debug] [MainThread]: running dbt with arguments {'log_format': 'default', 'static_parser': 'True', 'profiles_dir': '/Users/davidlima/wspace/Teachable-Interview/teachable_davifati_dataengineeringprincipal_technicalcase/dbt_project', 'debug': 'False', 'version_check': 'True', 'partial_parse': 'True', 'fail_fast': 'False', 'log_path': '/Users/davidlima/wspace/Teachable-Interview/teachable_davifati_dataengineeringprincipal_technicalcase/dbt_project/logs', 'indirect_selection': 'eager', 'empty': 'None', 'no_print': 'None', 'introspect': 'True', 'use_colors': 'True', 'log_cache_events': 'False', 'target_path': 'None', 'warn_error': 'None', 'quiet': 'False', 'send_anonymous_usage_stats': 'True', 'printer_width': '80', 'write_json': 'True', 'cache_selected_only': 'False', 'invocation_command': 'dbt docs generate', 'warn_error_options': 'WarnErrorOptionsV2(error=[], warn=[], silence=[])', 'use_experimental_parser': 'False'}
[0m23:01:29.886098 [debug] [MainThread]: Sending event: {'category': 'dbt', 'action': 'project_id', 'label': 'f9b8e4da-76c9-4376-a78c-32d21993a1f0', 'context': [<snowplow_tracker.self_describing_json.SelfDescribingJson object at 0x107ad0050>]}
[0m23:01:29.916829 [debug] [MainThread]: Sending event: {'category': 'dbt', 'action': 'adapter_info', 'label': 'f9b8e4da-76c9-4376-a78c-32d21993a1f0', 'context': [<snowplow_tracker.self_describing_json.SelfDescribingJson object at 0x108627df0>]}
[0m23:01:29.918573 [info ] [MainThread]: Registered adapter: duckdb=1.10.0
[0m23:01:29.993127 [debug] [MainThread]: checksum: c35ba6d374a0901ceb00688d5179d5550885e1756283b03e5e81c28e0d8d2248, vars: {}, profile: , target: , version: 1.10.19
[0m23:01:30.084297 [debug] [MainThread]: Partial parsing enabled: 0 files deleted, 0 files added, 7 files changed.
[0m23:01:30.084745 [debug] [MainThread]: Partial parsing: updated file: teachable_gmv://models/gold/v_gmv_current.sql
[0m23:01:30.084958 [debug] [MainThread]: Partial parsing: updated file: teachable_gmv://models/silver/intermediate/int_purchase_enriched.sql
[0m23:01:30.085147 [debug] [MainThread]: Partial parsing: updated file: teachable_gmv://models/silver/staging/stg_order_transaction_cost_hist.sql
[0m23:01:30.085350 [debug] [MainThread]: Partial parsing: updated file: teachable_gmv://models/silver/staging/stg_purchase.sql
[0m23:01:30.085666 [debug] [MainThread]: Partial parsing: updated file: teachable_gmv://models/gold/fact_gmv_snapshot.sql
[0m23:01:30.085943 [debug] [MainThread]: Partial parsing: updated file: teachable_gmv://models/silver/staging/stg_purchase_extra_info.sql
[0m23:01:30.086131 [debug] [MainThread]: Partial parsing: updated file: teachable_gmv://models/silver/staging/stg_product_item.sql
[0m23:01:30.371297 [debug] [MainThread]: Sending event: {'category': 'dbt', 'action': 'load_project', 'label': 'f9b8e4da-76c9-4376-a78c-32d21993a1f0', 'context': [<snowplow_tracker.self_describing_json.SelfDescribingJson object at 0x108d19c50>]}
[0m23:01:30.388737 [debug] [MainThread]: Sending event: {'category': 'dbt', 'action': 'resource_counts', 'label': 'f9b8e4da-76c9-4376-a78c-32d21993a1f0', 'context': [<snowplow_tracker.self_describing_json.SelfDescribingJson object at 0x10901c230>]}
[0m23:01:30.389061 [info ] [MainThread]: Found 7 models, 7 data tests, 4 sources, 473 macros
[0m23:01:30.389243 [debug] [MainThread]: Sending event: {'category': 'dbt', 'action': 'runnable_timing', 'label': 'f9b8e4da-76c9-4376-a78c-32d21993a1f0', 'context': [<snowplow_tracker.self_describing_json.SelfDescribingJson object at 0x1089d9630>]}
[0m23:01:30.390529 [info ] [MainThread]: 
[0m23:01:30.390762 [info ] [MainThread]: Concurrency: 4 threads (target='dev')
[0m23:01:30.390917 [info ] [MainThread]: 
[0m23:01:30.391206 [debug] [MainThread]: Acquiring new duckdb connection 'master'
[0m23:01:30.394053 [debug] [ThreadPool]: Acquiring new duckdb connection 'list_teachable_gold'
[0m23:01:30.394362 [debug] [ThreadPool]: Acquiring new duckdb connection 'list_teachable_silver'
[0m23:01:30.441790 [debug] [ThreadPool]: Using duckdb connection "list_teachable_gold"
[0m23:01:30.442058 [debug] [ThreadPool]: Using duckdb connection "list_teachable_silver"
[0m23:01:30.442241 [debug] [ThreadPool]: On list_teachable_gold: BEGIN
[0m23:01:30.442406 [debug] [ThreadPool]: On list_teachable_silver: BEGIN
[0m23:01:30.442563 [debug] [ThreadPool]: Opening a new connection, currently in state init
[0m23:01:30.442708 [debug] [ThreadPool]: Opening a new connection, currently in state init
[0m23:01:30.457358 [debug] [ThreadPool]: SQL status: OK in 0.015 seconds
[0m23:01:30.457624 [debug] [ThreadPool]: SQL status: OK in 0.015 seconds
[0m23:01:30.457798 [debug] [ThreadPool]: Using duckdb connection "list_teachable_gold"
[0m23:01:30.457963 [debug] [ThreadPool]: Using duckdb connection "list_teachable_silver"
[0m23:01:30.458124 [debug] [ThreadPool]: On list_teachable_gold: /* {"app": "dbt", "dbt_version": "1.10.19", "profile_name": "teachable_gmv", "target_name": "dev", "connection_name": "list_teachable_gold"} */
select
      'teachable' as database,
      table_name as name,
      table_schema as schema,
      CASE table_type
        WHEN 'BASE TABLE' THEN 'table'
        WHEN 'VIEW' THEN 'view'
        WHEN 'LOCAL TEMPORARY' THEN 'table'
        END as type
    from system.information_schema.tables
    where lower(table_schema) = 'gold'
    and lower(table_catalog) = 'teachable'
  
[0m23:01:30.458292 [debug] [ThreadPool]: On list_teachable_silver: /* {"app": "dbt", "dbt_version": "1.10.19", "profile_name": "teachable_gmv", "target_name": "dev", "connection_name": "list_teachable_silver"} */
select
      'teachable' as database,
      table_name as name,
      table_schema as schema,
      CASE table_type
        WHEN 'BASE TABLE' THEN 'table'
        WHEN 'VIEW' THEN 'view'
        WHEN 'LOCAL TEMPORARY' THEN 'table'
        END as type
    from system.information_schema.tables
    where lower(table_schema) = 'silver'
    and lower(table_catalog) = 'teachable'
  
[0m23:01:30.474336 [debug] [ThreadPool]: SQL status: OK in 0.016 seconds
[0m23:01:30.474830 [debug] [ThreadPool]: SQL status: OK in 0.016 seconds
[0m23:01:30.475629 [debug] [ThreadPool]: On list_teachable_gold: ROLLBACK
[0m23:01:30.476347 [debug] [ThreadPool]: On list_teachable_silver: ROLLBACK
[0m23:01:30.477206 [debug] [ThreadPool]: Failed to rollback 'list_teachable_silver'
[0m23:01:30.477474 [debug] [ThreadPool]: Failed to rollback 'list_teachable_gold'
[0m23:01:30.477624 [debug] [ThreadPool]: On list_teachable_silver: Close
[0m23:01:30.477767 [debug] [ThreadPool]: On list_teachable_gold: Close
[0m23:01:30.478643 [debug] [MainThread]: Sending event: {'category': 'dbt', 'action': 'runnable_timing', 'label': 'f9b8e4da-76c9-4376-a78c-32d21993a1f0', 'context': [<snowplow_tracker.self_describing_json.SelfDescribingJson object at 0x1092113d0>]}
[0m23:01:30.480301 [debug] [Thread-3 (]: Began running node model.teachable_gmv.stg_purchase
[0m23:01:30.480495 [debug] [Thread-4 (]: Began running node model.teachable_gmv.stg_purchase_extra_info
[0m23:01:30.480673 [debug] [Thread-1 (]: Began running node model.teachable_gmv.stg_order_transaction_cost_hist
[0m23:01:30.480834 [debug] [Thread-2 (]: Began running node model.teachable_gmv.stg_product_item
[0m23:01:30.481065 [debug] [Thread-3 (]: Acquiring new duckdb connection 'model.teachable_gmv.stg_purchase'
[0m23:01:30.481290 [debug] [Thread-4 (]: Acquiring new duckdb connection 'model.teachable_gmv.stg_purchase_extra_info'
[0m23:01:30.481468 [debug] [Thread-1 (]: Re-using an available connection from the pool (formerly list_teachable_gold, now model.teachable_gmv.stg_order_transaction_cost_hist)
[0m23:01:30.481639 [debug] [Thread-2 (]: Re-using an available connection from the pool (formerly list_teachable_silver, now model.teachable_gmv.stg_product_item)
[0m23:01:30.481812 [debug] [Thread-3 (]: Began compiling node model.teachable_gmv.stg_purchase
[0m23:01:30.481977 [debug] [Thread-4 (]: Began compiling node model.teachable_gmv.stg_purchase_extra_info
[0m23:01:30.482168 [debug] [Thread-1 (]: Began compiling node model.teachable_gmv.stg_order_transaction_cost_hist
[0m23:01:30.482328 [debug] [Thread-2 (]: Began compiling node model.teachable_gmv.stg_product_item
[0m23:01:30.486354 [debug] [Thread-3 (]: Writing injected SQL for node "model.teachable_gmv.stg_purchase"
[0m23:01:30.488036 [debug] [Thread-4 (]: Writing injected SQL for node "model.teachable_gmv.stg_purchase_extra_info"
[0m23:01:30.489392 [debug] [Thread-1 (]: Writing injected SQL for node "model.teachable_gmv.stg_order_transaction_cost_hist"
[0m23:01:30.491061 [debug] [Thread-2 (]: Writing injected SQL for node "model.teachable_gmv.stg_product_item"
[0m23:01:30.491761 [debug] [Thread-1 (]: Began executing node model.teachable_gmv.stg_order_transaction_cost_hist
[0m23:01:30.492213 [debug] [Thread-1 (]: Finished running node model.teachable_gmv.stg_order_transaction_cost_hist
[0m23:01:30.492490 [debug] [Thread-3 (]: Began executing node model.teachable_gmv.stg_purchase
[0m23:01:30.492695 [debug] [Thread-4 (]: Began executing node model.teachable_gmv.stg_purchase_extra_info
[0m23:01:30.492862 [debug] [Thread-2 (]: Began executing node model.teachable_gmv.stg_product_item
[0m23:01:30.493273 [debug] [Thread-3 (]: Finished running node model.teachable_gmv.stg_purchase
[0m23:01:30.494033 [debug] [Thread-4 (]: Finished running node model.teachable_gmv.stg_purchase_extra_info
[0m23:01:30.494374 [debug] [Thread-2 (]: Finished running node model.teachable_gmv.stg_product_item
[0m23:01:30.494811 [debug] [Thread-1 (]: Began running node model.teachable_gmv.int_purchase_enriched
[0m23:01:30.495094 [debug] [Thread-1 (]: Re-using an available connection from the pool (formerly model.teachable_gmv.stg_order_transaction_cost_hist, now model.teachable_gmv.int_purchase_enriched)
[0m23:01:30.495316 [debug] [Thread-1 (]: Began compiling node model.teachable_gmv.int_purchase_enriched
[0m23:01:30.497275 [debug] [Thread-1 (]: Writing injected SQL for node "model.teachable_gmv.int_purchase_enriched"
[0m23:01:30.497842 [debug] [Thread-1 (]: Began executing node model.teachable_gmv.int_purchase_enriched
[0m23:01:30.498183 [debug] [Thread-1 (]: Finished running node model.teachable_gmv.int_purchase_enriched
[0m23:01:30.498498 [debug] [Thread-3 (]: Began running node model.teachable_gmv.fact_gmv_snapshot
[0m23:01:30.498705 [debug] [Thread-3 (]: Re-using an available connection from the pool (formerly model.teachable_gmv.stg_purchase, now model.teachable_gmv.fact_gmv_snapshot)
[0m23:01:30.498890 [debug] [Thread-3 (]: Began compiling node model.teachable_gmv.fact_gmv_snapshot
[0m23:01:30.501815 [debug] [Thread-3 (]: Writing injected SQL for node "model.teachable_gmv.fact_gmv_snapshot"
[0m23:01:30.502186 [debug] [Thread-3 (]: Began executing node model.teachable_gmv.fact_gmv_snapshot
[0m23:01:30.502497 [debug] [Thread-3 (]: Finished running node model.teachable_gmv.fact_gmv_snapshot
[0m23:01:30.502826 [debug] [Thread-3 (]: Began running node test.teachable_gmv.not_null_fact_gmv_snapshot_snapshot_date.fd3e4d9d38
[0m23:01:30.503006 [debug] [Thread-2 (]: Began running node test.teachable_gmv.not_null_fact_gmv_snapshot_is_valid_for_gmv.7fee0d97b7
[0m23:01:30.503185 [debug] [Thread-1 (]: Began running node test.teachable_gmv.not_null_fact_gmv_snapshot_purchase_id.5ad074a802
[0m23:01:30.503372 [debug] [Thread-4 (]: Began running node model.teachable_gmv.v_gmv_current
[0m23:01:30.503547 [debug] [Thread-3 (]: Re-using an available connection from the pool (formerly model.teachable_gmv.fact_gmv_snapshot, now test.teachable_gmv.not_null_fact_gmv_snapshot_snapshot_date.fd3e4d9d38)
[0m23:01:30.503742 [debug] [Thread-2 (]: Re-using an available connection from the pool (formerly model.teachable_gmv.stg_product_item, now test.teachable_gmv.not_null_fact_gmv_snapshot_is_valid_for_gmv.7fee0d97b7)
[0m23:01:30.503914 [debug] [Thread-1 (]: Re-using an available connection from the pool (formerly model.teachable_gmv.int_purchase_enriched, now test.teachable_gmv.not_null_fact_gmv_snapshot_purchase_id.5ad074a802)
[0m23:01:30.504095 [debug] [Thread-4 (]: Re-using an available connection from the pool (formerly model.teachable_gmv.stg_purchase_extra_info, now model.teachable_gmv.v_gmv_current)
[0m23:01:30.504291 [debug] [Thread-3 (]: Began compiling node test.teachable_gmv.not_null_fact_gmv_snapshot_snapshot_date.fd3e4d9d38
[0m23:01:30.504463 [debug] [Thread-2 (]: Began compiling node test.teachable_gmv.not_null_fact_gmv_snapshot_is_valid_for_gmv.7fee0d97b7
[0m23:01:30.504632 [debug] [Thread-1 (]: Began compiling node test.teachable_gmv.not_null_fact_gmv_snapshot_purchase_id.5ad074a802
[0m23:01:30.504794 [debug] [Thread-4 (]: Began compiling node model.teachable_gmv.v_gmv_current
[0m23:01:30.511112 [debug] [Thread-3 (]: Writing injected SQL for node "test.teachable_gmv.not_null_fact_gmv_snapshot_snapshot_date.fd3e4d9d38"
[0m23:01:30.512825 [debug] [Thread-2 (]: Writing injected SQL for node "test.teachable_gmv.not_null_fact_gmv_snapshot_is_valid_for_gmv.7fee0d97b7"
[0m23:01:30.514748 [debug] [Thread-1 (]: Writing injected SQL for node "test.teachable_gmv.not_null_fact_gmv_snapshot_purchase_id.5ad074a802"
[0m23:01:30.516255 [debug] [Thread-4 (]: Writing injected SQL for node "model.teachable_gmv.v_gmv_current"
[0m23:01:30.516838 [debug] [Thread-4 (]: Began executing node model.teachable_gmv.v_gmv_current
[0m23:01:30.517040 [debug] [Thread-1 (]: Began executing node test.teachable_gmv.not_null_fact_gmv_snapshot_purchase_id.5ad074a802
[0m23:01:30.517386 [debug] [Thread-4 (]: Finished running node model.teachable_gmv.v_gmv_current
[0m23:01:30.517549 [debug] [Thread-2 (]: Began executing node test.teachable_gmv.not_null_fact_gmv_snapshot_is_valid_for_gmv.7fee0d97b7
[0m23:01:30.517707 [debug] [Thread-3 (]: Began executing node test.teachable_gmv.not_null_fact_gmv_snapshot_snapshot_date.fd3e4d9d38
[0m23:01:30.517997 [debug] [Thread-1 (]: Finished running node test.teachable_gmv.not_null_fact_gmv_snapshot_purchase_id.5ad074a802
[0m23:01:30.518171 [debug] [Thread-4 (]: Began running node test.teachable_gmv.not_null_fact_gmv_snapshot_transaction_date.6826789270
[0m23:01:30.518473 [debug] [Thread-2 (]: Finished running node test.teachable_gmv.not_null_fact_gmv_snapshot_is_valid_for_gmv.7fee0d97b7
[0m23:01:30.518772 [debug] [Thread-3 (]: Finished running node test.teachable_gmv.not_null_fact_gmv_snapshot_snapshot_date.fd3e4d9d38
[0m23:01:30.518944 [debug] [Thread-1 (]: Began running node test.teachable_gmv.unique_fact_gmv_snapshot_purchase_id_snapshot_date.6d9847e3c5
[0m23:01:30.519125 [debug] [Thread-4 (]: Re-using an available connection from the pool (formerly model.teachable_gmv.v_gmv_current, now test.teachable_gmv.not_null_fact_gmv_snapshot_transaction_date.6826789270)
[0m23:01:30.519299 [debug] [Thread-2 (]: Began running node test.teachable_gmv.not_null_v_gmv_current_purchase_id.f8f6182591
[0m23:01:30.519475 [debug] [Thread-3 (]: Began running node test.teachable_gmv.unique_v_gmv_current_purchase_id.42436dc3e8
[0m23:01:30.519657 [debug] [Thread-1 (]: Re-using an available connection from the pool (formerly test.teachable_gmv.not_null_fact_gmv_snapshot_purchase_id.5ad074a802, now test.teachable_gmv.unique_fact_gmv_snapshot_purchase_id_snapshot_date.6d9847e3c5)
[0m23:01:30.519826 [debug] [Thread-4 (]: Began compiling node test.teachable_gmv.not_null_fact_gmv_snapshot_transaction_date.6826789270
[0m23:01:30.519992 [debug] [Thread-2 (]: Re-using an available connection from the pool (formerly test.teachable_gmv.not_null_fact_gmv_snapshot_is_valid_for_gmv.7fee0d97b7, now test.teachable_gmv.not_null_v_gmv_current_purchase_id.f8f6182591)
[0m23:01:30.520165 [debug] [Thread-3 (]: Re-using an available connection from the pool (formerly test.teachable_gmv.not_null_fact_gmv_snapshot_snapshot_date.fd3e4d9d38, now test.teachable_gmv.unique_v_gmv_current_purchase_id.42436dc3e8)
[0m23:01:30.520327 [debug] [Thread-1 (]: Began compiling node test.teachable_gmv.unique_fact_gmv_snapshot_purchase_id_snapshot_date.6d9847e3c5
[0m23:01:30.524213 [debug] [Thread-4 (]: Writing injected SQL for node "test.teachable_gmv.not_null_fact_gmv_snapshot_transaction_date.6826789270"
[0m23:01:30.524426 [debug] [Thread-2 (]: Began compiling node test.teachable_gmv.not_null_v_gmv_current_purchase_id.f8f6182591
[0m23:01:30.524739 [debug] [Thread-3 (]: Began compiling node test.teachable_gmv.unique_v_gmv_current_purchase_id.42436dc3e8
[0m23:01:30.527598 [debug] [Thread-1 (]: Writing injected SQL for node "test.teachable_gmv.unique_fact_gmv_snapshot_purchase_id_snapshot_date.6d9847e3c5"
[0m23:01:30.529417 [debug] [Thread-2 (]: Writing injected SQL for node "test.teachable_gmv.not_null_v_gmv_current_purchase_id.f8f6182591"
[0m23:01:30.531445 [debug] [Thread-3 (]: Writing injected SQL for node "test.teachable_gmv.unique_v_gmv_current_purchase_id.42436dc3e8"
[0m23:01:30.531779 [debug] [Thread-4 (]: Began executing node test.teachable_gmv.not_null_fact_gmv_snapshot_transaction_date.6826789270
[0m23:01:30.532141 [debug] [Thread-4 (]: Finished running node test.teachable_gmv.not_null_fact_gmv_snapshot_transaction_date.6826789270
[0m23:01:30.532330 [debug] [Thread-2 (]: Began executing node test.teachable_gmv.not_null_v_gmv_current_purchase_id.f8f6182591
[0m23:01:30.532497 [debug] [Thread-1 (]: Began executing node test.teachable_gmv.unique_fact_gmv_snapshot_purchase_id_snapshot_date.6d9847e3c5
[0m23:01:30.532859 [debug] [Thread-2 (]: Finished running node test.teachable_gmv.not_null_v_gmv_current_purchase_id.f8f6182591
[0m23:01:30.533028 [debug] [Thread-3 (]: Began executing node test.teachable_gmv.unique_v_gmv_current_purchase_id.42436dc3e8
[0m23:01:30.533300 [debug] [Thread-1 (]: Finished running node test.teachable_gmv.unique_fact_gmv_snapshot_purchase_id_snapshot_date.6d9847e3c5
[0m23:01:30.533611 [debug] [Thread-3 (]: Finished running node test.teachable_gmv.unique_v_gmv_current_purchase_id.42436dc3e8
[0m23:01:30.534106 [debug] [MainThread]: Connection 'master' was properly closed.
[0m23:01:30.534251 [debug] [MainThread]: Connection 'test.teachable_gmv.unique_fact_gmv_snapshot_purchase_id_snapshot_date.6d9847e3c5' was properly closed.
[0m23:01:30.534377 [debug] [MainThread]: Connection 'test.teachable_gmv.not_null_v_gmv_current_purchase_id.f8f6182591' was properly closed.
[0m23:01:30.534493 [debug] [MainThread]: Connection 'test.teachable_gmv.unique_v_gmv_current_purchase_id.42436dc3e8' was properly closed.
[0m23:01:30.534604 [debug] [MainThread]: Connection 'test.teachable_gmv.not_null_fact_gmv_snapshot_transaction_date.6826789270' was properly closed.
[0m23:01:30.535596 [debug] [MainThread]: Command end result
[0m23:01:30.585339 [debug] [MainThread]: Wrote artifact WritableManifest to /Users/davidlima/wspace/Teachable-Interview/teachable_davifati_dataengineeringprincipal_technicalcase/dbt_project/target/manifest.json
[0m23:01:30.586799 [debug] [MainThread]: Wrote artifact SemanticManifest to /Users/davidlima/wspace/Teachable-Interview/teachable_davifati_dataengineeringprincipal_technicalcase/dbt_project/target/semantic_manifest.json
[0m23:01:30.590511 [debug] [MainThread]: Wrote artifact RunExecutionResult to /Users/davidlima/wspace/Teachable-Interview/teachable_davifati_dataengineeringprincipal_technicalcase/dbt_project/target/run_results.json
[0m23:01:30.595104 [debug] [MainThread]: Acquiring new duckdb connection 'generate_catalog'
[0m23:01:30.595277 [info ] [MainThread]: Building catalog
[0m23:01:30.600371 [debug] [ThreadPool]: Acquiring new duckdb connection 'teachable.information_schema'
[0m23:01:30.603654 [debug] [ThreadPool]: Using duckdb connection "teachable.information_schema"
[0m23:01:30.603897 [debug] [ThreadPool]: On teachable.information_schema: BEGIN
[0m23:01:30.604042 [debug] [ThreadPool]: Opening a new connection, currently in state init
[0m23:01:30.604461 [debug] [ThreadPool]: SQL status: OK in 0.000 seconds
[0m23:01:30.604606 [debug] [ThreadPool]: Using duckdb connection "teachable.information_schema"
[0m23:01:30.604769 [debug] [ThreadPool]: On teachable.information_schema: /* {"app": "dbt", "dbt_version": "1.10.19", "profile_name": "teachable_gmv", "target_name": "dev", "connection_name": "teachable.information_schema"} */
with relations AS (
      select
        t.table_name
        , t.database_name
        , t.schema_name
        , 'BASE TABLE' as table_type
        , t.comment as table_comment
      from duckdb_tables() t
      WHERE t.database_name = 'teachable'
      UNION ALL
      SELECT v.view_name as table_name
      , v.database_name
      , v.schema_name
      , 'VIEW' as table_type
      , v.comment as table_comment
      from duckdb_views() v
      WHERE v.database_name = 'teachable'
    )
    select
        'teachable' as table_database,
        r.schema_name as table_schema,
        r.table_name,
        r.table_type,
        r.table_comment,
        c.column_name,
        c.column_index as column_index,
        c.data_type as column_type,
        c.comment as column_comment,
        NULL as table_owner
    FROM relations r JOIN duckdb_columns() c ON r.schema_name = c.schema_name AND r.table_name = c.table_name
    WHERE (upper(r.schema_name) = upper('raw') or upper(r.schema_name) = upper('gold') or upper(r.schema_name) = upper('silver'))
    ORDER BY
        r.schema_name,
        r.table_name,
        c.column_index
[0m23:01:30.613016 [debug] [ThreadPool]: SQL status: OK in 0.008 seconds
[0m23:01:30.616309 [debug] [ThreadPool]: On teachable.information_schema: ROLLBACK
[0m23:01:30.616646 [debug] [ThreadPool]: Failed to rollback 'teachable.information_schema'
[0m23:01:30.616797 [debug] [ThreadPool]: On teachable.information_schema: Close
[0m23:01:30.624963 [debug] [MainThread]: Wrote artifact CatalogArtifact to /Users/davidlima/wspace/Teachable-Interview/teachable_davifati_dataengineeringprincipal_technicalcase/dbt_project/target/catalog.json
[0m23:01:30.639889 [debug] [MainThread]: Wrote artifact WritableManifest to /Users/davidlima/wspace/Teachable-Interview/teachable_davifati_dataengineeringprincipal_technicalcase/dbt_project/target/manifest.json
[0m23:01:30.640879 [debug] [MainThread]: Wrote artifact SemanticManifest to /Users/davidlima/wspace/Teachable-Interview/teachable_davifati_dataengineeringprincipal_technicalcase/dbt_project/target/semantic_manifest.json
[0m23:01:30.641054 [info ] [MainThread]: Catalog written to /Users/davidlima/wspace/Teachable-Interview/teachable_davifati_dataengineeringprincipal_technicalcase/dbt_project/target/catalog.json
[0m23:01:30.652966 [debug] [MainThread]: Resource report: {"command_name": "generate", "command_success": true, "command_wall_clock_time": 1.0357041, "process_in_blocks": "0", "process_kernel_time": 0.262616, "process_mem_max_rss": "148258816", "process_out_blocks": "0", "process_user_time": 1.437333}
[0m23:01:30.653319 [debug] [MainThread]: Command `dbt docs generate` succeeded at 23:01:30.653263 after 1.04 seconds
[0m23:01:30.653499 [debug] [MainThread]: Connection 'generate_catalog' was properly closed.
[0m23:01:30.653637 [debug] [MainThread]: Connection 'teachable.information_schema' was properly closed.
[0m23:01:30.653802 [debug] [MainThread]: Sending event: {'category': 'dbt', 'action': 'invocation', 'label': 'end', 'context': [<snowplow_tracker.self_describing_json.SelfDescribingJson object at 0x1087f8650>, <snowplow_tracker.self_describing_json.SelfDescribingJson object at 0x10926a360>, <snowplow_tracker.self_describing_json.SelfDescribingJson object at 0x109269180>]}
[0m23:01:30.653983 [debug] [MainThread]: Flushing usage events
[0m23:01:31.521460 [debug] [MainThread]: An error was encountered while trying to flush usage events
[0m23:01:46.546454 [debug] [MainThread]: Sending event: {'category': 'dbt', 'action': 'invocation', 'label': 'start', 'context': [<snowplow_tracker.self_describing_json.SelfDescribingJson object at 0x10642c1a0>, <snowplow_tracker.self_describing_json.SelfDescribingJson object at 0x10727bb10>, <snowplow_tracker.self_describing_json.SelfDescribingJson object at 0x10727b9d0>]}


============================== 23:01:46.549881 | 5fcbdf11-0220-42fb-bdc1-b0eb28191c53 ==============================
[0m23:01:46.549881 [info ] [MainThread]: Running with dbt=1.10.19
[0m23:01:46.550238 [debug] [MainThread]: running dbt with arguments {'send_anonymous_usage_stats': 'True', 'write_json': 'True', 'warn_error_options': 'WarnErrorOptionsV2(error=[], warn=[], silence=[])', 'log_path': '/Users/davidlima/wspace/Teachable-Interview/teachable_davifati_dataengineeringprincipal_technicalcase/dbt_project/logs', 'invocation_command': 'dbt docs serve --port 8080', 'fail_fast': 'False', 'version_check': 'True', 'profiles_dir': '/Users/davidlima/wspace/Teachable-Interview/teachable_davifati_dataengineeringprincipal_technicalcase/dbt_project', 'no_print': 'None', 'use_experimental_parser': 'False', 'target_path': 'None', 'log_cache_events': 'False', 'indirect_selection': 'eager', 'empty': 'None', 'static_parser': 'True', 'warn_error': 'None', 'quiet': 'False', 'use_colors': 'True', 'introspect': 'True', 'log_format': 'default', 'cache_selected_only': 'False', 'partial_parse': 'True', 'printer_width': '80', 'debug': 'False'}
[0m23:01:46.733576 [debug] [MainThread]: Sending event: {'category': 'dbt', 'action': 'project_id', 'label': '5fcbdf11-0220-42fb-bdc1-b0eb28191c53', 'context': [<snowplow_tracker.self_describing_json.SelfDescribingJson object at 0x1065ec050>]}
[0m23:01:46.764930 [debug] [MainThread]: Sending event: {'category': 'dbt', 'action': 'adapter_info', 'label': '5fcbdf11-0220-42fb-bdc1-b0eb28191c53', 'context': [<snowplow_tracker.self_describing_json.SelfDescribingJson object at 0x107143df0>]}
[0m23:03:50.685611 [error] [MainThread]: Encountered an error:

[0m23:03:50.732908 [error] [MainThread]: Traceback (most recent call last):
  File "/Users/davidlima/wspace/Teachable-Interview/teachable_davifati_dataengineeringprincipal_technicalcase/.venv/lib/python3.13/site-packages/dbt/cli/requires.py", line 178, in wrapper
    result, success = func(*args, **kwargs)
                      ~~~~^^^^^^^^^^^^^^^^^
  File "/Users/davidlima/wspace/Teachable-Interview/teachable_davifati_dataengineeringprincipal_technicalcase/.venv/lib/python3.13/site-packages/dbt/cli/requires.py", line 128, in wrapper
    return func(*args, **kwargs)
  File "/Users/davidlima/wspace/Teachable-Interview/teachable_davifati_dataengineeringprincipal_technicalcase/.venv/lib/python3.13/site-packages/dbt/cli/requires.py", line 272, in wrapper
    return func(*args, **kwargs)
  File "/Users/davidlima/wspace/Teachable-Interview/teachable_davifati_dataengineeringprincipal_technicalcase/.venv/lib/python3.13/site-packages/dbt/cli/requires.py", line 317, in wrapper
    return func(*args, **kwargs)
  File "/Users/davidlima/wspace/Teachable-Interview/teachable_davifati_dataengineeringprincipal_technicalcase/.venv/lib/python3.13/site-packages/dbt/cli/requires.py", line 364, in wrapper
    return func(*args, **kwargs)
  File "/Users/davidlima/wspace/Teachable-Interview/teachable_davifati_dataengineeringprincipal_technicalcase/.venv/lib/python3.13/site-packages/dbt/cli/main.py", line 307, in docs_serve
    results = task.run()
  File "/Users/davidlima/wspace/Teachable-Interview/teachable_davifati_dataengineeringprincipal_technicalcase/.venv/lib/python3.13/site-packages/dbt/task/docs/serve.py", line 29, in run
    httpd.serve_forever()
    ~~~~~~~~~~~~~~~~~~~^^
  File "/opt/homebrew/Cellar/python@3.13/3.13.5/Frameworks/Python.framework/Versions/3.13/lib/python3.13/socketserver.py", line 235, in serve_forever
    ready = selector.select(poll_interval)
  File "/opt/homebrew/Cellar/python@3.13/3.13.5/Frameworks/Python.framework/Versions/3.13/lib/python3.13/selectors.py", line 398, in select
    fd_event_list = self._selector.poll(timeout)
KeyboardInterrupt

[0m23:03:50.778878 [debug] [MainThread]: Resource report: {"command_name": "serve", "command_success": false, "command_wall_clock_time": 124.28954, "process_in_blocks": "0", "process_kernel_time": 0.181361, "process_mem_max_rss": "118308864", "process_out_blocks": "0", "process_user_time": 0.882459}
[0m23:03:50.780787 [debug] [MainThread]: Command `dbt docs serve` failed at 23:03:50.780185 after 124.29 seconds
[0m23:03:50.786774 [debug] [MainThread]: Sending event: {'category': 'dbt', 'action': 'invocation', 'label': 'end', 'context': [<snowplow_tracker.self_describing_json.SelfDescribingJson object at 0x10762c550>, <snowplow_tracker.self_describing_json.SelfDescribingJson object at 0x10762c250>, <snowplow_tracker.self_describing_json.SelfDescribingJson object at 0x107634aa0>]}
[0m23:03:50.788257 [debug] [MainThread]: Flushing usage events
